macro_country,concept,release_date_source,n,tickers,first_date,last_date
United States,pmi,ECO_RELEASE_DT,1071,2,1996-11-01,2026-07-01
Korea,cpi,ECO_RELEASE_DT,317,1,2000-03-07,2026-07-01
China,retail_sales,ECO_RELEASE_DT,548,1,2000-03-17,2026-06-15
Switzerland,pmi,ECO_RELEASE_DT,308,1,2000-12-01,2026-07-01
Spain,gdp,ECO_RELEASE_DT,98,1,2001-12-19,2026-06-25
Spain,ppi,ECO_RELEASE_DT,280,1,2003-02-25,2026-06-25
South Africa,ip,ECO_RELEASE_DT,12,1,2004-10-12,2005-10-12
Germany,consumer_confidence,ECO_RELEASE_DT,239,1,2006-07-27,2026-05-22
Singapore,core_cpi,ECO_RELEASE_DT,140,1,2014-11-24,2026-06-23
U.K.,ppi,ECO_RELEASE_DT,60,1,2020-12-16,2026-06-17
Indonesia,pmi,ECO_RELEASE_DT,36,1,2023-07-31,2026-06-30
Thailand,pmi,ECO_RELEASE_DT,36,1,2023-08-01,2026-06-30
India,pmi,ECO_RELEASE_DT,36,1,2023-08-01,2026-07-01
Germany,retail_sales,ECO_RELEASE_DT,349,1,1997-02-14,2026-06-30
Poland,gdp,ECO_RELEASE_DT,109,1,1998-06-22,2026-06-01
United States,retail_sales,ECO_RELEASE_DT,903,1,2001-06-13,2026-06-17
China,ppi,ECO_RELEASE_DT,574,1,2002-07-21,2026-07-08
Netherlands,cpi,ECO_RELEASE_DT,275,1,2003-09-18,2026-07-07
Australia,consumer_confidence,ECO_RELEASE_DT,233,1,2007-02-13,2026-06-08
Thailand,ip,ECO_RELEASE_DT,190,1,2010-09-30,2026-06-30
Japan,consumer_confidence,ECO_RELEASE_DT,184,1,2011-04-19,2026-07-01
South Africa,core_cpi,ECO_RELEASE_DT,153,1,2013-10-23,2026-06-17
Mexico,pmi,ECO_RELEASE_DT,153,2,2013-11-01,2026-07-01
Netherlands,pmi,ECO_RELEASE_DT,36,1,2023-08-01,2026-07-01
Australia,unemp,ECO_RELEASE_DT,354,1,1997-01-15,2026-06-24
U.K.,consumer_confidence,ECO_RELEASE_DT,308,1,1998-09-18,2026-06-18
South Africa,gdp,ECO_RELEASE_DT,89,1,1999-06-21,2021-06-08
China,ip,ECO_RELEASE_DT,550,1,2000-03-03,2026-06-15
Hong Kong,ppi,ECO_RELEASE_DT,103,1,2000-12-29,2026-06-12
Malaysia,ip,ECO_RELEASE_DT,304,1,2001-04-06,2026-07-09
U.K.,unemp,ECO_RELEASE_DT,286,1,2002-05-15,2026-06-18
Australia,pmi,ECO_RELEASE_DT,187,1,2005-10-02,2021-05-02
Turkey,ppi,ECO_RELEASE_DT,149,1,2014-03-03,2026-07-03
Netherlands,consumer_confidence,ECO_RELEASE_DT,110,1,2017-05-19,2026-06-22
Taiwan,pmi,ECO_RELEASE_DT,36,1,2023-07-31,2026-06-30
United States,consumer_confidence,ECO_RELEASE_DT,1059,1,1997-02-25,2026-06-30
Hong Kong,unemp,ECO_RELEASE_DT,348,1,1997-07-16,2026-06-16
Hong Kong,ip,ECO_RELEASE_DT,105,1,1997-07-16,2026-06-12
Poland,unemp,ECO_RELEASE_DT,337,1,1998-05-22,2026-06-24
Canada,cpi,ECO_RELEASE_DT,337,1,1998-06-19,2026-06-22
Taiwan,cpi,ECO_RELEASE_DT,318,1,2000-02-07,2026-07-07
Hong Kong,retail_sales,ECO_RELEASE_DT,299,1,2001-09-06,2026-07-02
Spain,core_cpi,ECO_RELEASE_DT,273,1,2002-03-13,2026-06-29
Germany,cpi,ECO_RELEASE_DT,282,1,2003-02-26,2026-07-10
Korea,gdp,ECO_RELEASE_DT,93,1,2003-05-21,2026-06-08
Turkey,cpi,ECO_RELEASE_DT,258,1,2005-02-03,2026-07-03
South Africa,unemp,ECO_RELEASE_DT,69,1,2009-03-02,2026-05-12
Canada,pmi,ECO_RELEASE_DT,184,2,2011-04-06,2026-07-02
South Africa,ppi,ECO_RELEASE_DT,160,1,2013-03-28,2026-06-25
Mexico,retail_sales,ECO_RELEASE_DT,138,1,2015-01-26,2026-06-23
Switzerland,consumer_confidence,ECO_RELEASE_DT,30,1,2024-02-15,2026-07-10
China,core_cpi,ECO_RELEASE_DT,6,1,2026-05-10,2026-07-08
Australia,cpi,ECO_RELEASE_DT,114,1,1997-01-28,2025-04-29
U.K.,ip,ECO_RELEASE_DT,353,1,1997-02-06,2026-06-12
Japan,ppi,ECO_RELEASE_DT,318,1,2000-02-09,2026-07-09
Korea,ppi,ECO_RELEASE_DT,308,1,2000-09-03,2026-06-18
Philippines,unemp,ECO_RELEASE_DT,145,1,2001-03-15,2026-07-07
Italy,consumer_confidence,ECO_RELEASE_DT,300,1,2001-06-21,2026-06-26
Italy,ip,ECO_RELEASE_DT,280,1,2003-04-14,2026-07-10
Sweden,pmi,ECO_RELEASE_DT,258,1,2004-12-01,2026-07-01
Netherlands,retail_sales,ECO_RELEASE_DT,254,1,2005-05-13,2026-07-01
Spain,retail_sales,ECO_RELEASE_DT,249,1,2005-10-31,2026-06-29
Singapore,retail_sales,ECO_RELEASE_DT,192,1,2010-08-13,2026-07-06
Chile,ppi,ECO_RELEASE_DT,159,1,2013-03-22,2026-06-24
United States,ppi,ECO_RELEASE_DT,447,1,2014-02-19,2026-06-11
Chile,ip,ECO_RELEASE_DT,132,1,2015-07-30,2026-06-30
Poland,retail_sales,ECO_RELEASE_DT,64,1,2021-03-19,2026-06-22
Vietnam,pmi,ECO_RELEASE_DT,36,1,2023-07-31,2026-06-30
Brazil,pmi,ECO_RELEASE_DT,36,1,2023-08-01,2026-07-01
Canada,ppi,ECO_RELEASE_DT,354,1,1997-01-03,2026-06-18
Mexico,ip,ECO_RELEASE_DT,355,1,1997-01-15,2026-07-10
Switzerland,retail_sales,ECO_RELEASE_DT,288,1,1997-04-04,2026-07-01
Poland,cpi,ECO_RELEASE_DT,339,1,1998-05-15,2026-06-30
Thailand,cpi,ECO_RELEASE_DT,317,1,2000-02-14,2026-07-05
China,gdp,ECO_RELEASE_DT,210,1,2000-05-30,2026-04-15
Indonesia,ip,ECO_RELEASE_DT,1,1,2001-09-02,2001-09-02
Japan,core_cpi,ECO_RELEASE_DT,298,1,2001-09-27,2026-06-18
Germany,employment,ECO_RELEASE_DT,29,1,2003-07-08,2006-01-31
South Africa,retail_sales,ECO_RELEASE_DT,192,1,2010-07-14,2026-06-17
France,consumer_confidence,ECO_RELEASE_DT,183,1,2011-02-24,2026-06-25
Thailand,consumer_confidence,ECO_RELEASE_DT,175,1,2012-01-11,2026-07-08
Poland,consumer_confidence,ECO_RELEASE_DT,73,1,2020-06-18,2026-06-18
United States,employment,ECO_RELEASE_DT,1065,1,1997-01-10,2026-07-02
Switzerland,cpi,ECO_RELEASE_DT,349,1,1997-06-27,2026-07-02
Canada,employment,ECO_RELEASE_DT,320,1,1999-12-03,2026-07-10
France,ppi,ECO_RELEASE_DT,307,1,2000-01-31,2026-06-30
Taiwan,unemp,ECO_RELEASE_DT,304,1,2001-03-22,2026-06-23
Japan,cpi,ECO_RELEASE_DT,298,1,2001-09-27,2026-06-18
Spain,cpi,ECO_RELEASE_DT,293,1,2002-03-13,2026-06-29
South Africa,consumer_confidence,ECO_RELEASE_DT,88,1,2002-12-10,2026-06-23
Mexico,core_cpi,ECO_RELEASE_DT,257,1,2005-03-09,2026-07-09
U.K.,core_cpi,ECO_RELEASE_DT,250,1,2005-09-13,2026-06-17
Denmark,pmi,ECO_RELEASE_DT,213,1,2005-10-03,2023-06-01
Denmark,ppi,ECO_RELEASE_DT,141,1,2014-04-15,2025-12-15
Malaysia,pmi,ECO_RELEASE_DT,36,1,2023-07-31,2026-06-30
Poland,pmi,ECO_RELEASE_DT,36,1,2023-08-01,2026-07-01
Turkey,pmi,ECO_RELEASE_DT,36,1,2023-08-01,2026-07-01
Canada,retail_sales,ECO_RELEASE_DT,355,1,1996-12-19,2026-06-19
U.K.,retail_sales,ECO_RELEASE_DT,353,1,1997-02-19,2026-06-19
South Africa,cpi,ECO_RELEASE_DT,353,1,1997-02-27,2026-06-17
Poland,ip,ECO_RELEASE_DT,335,1,1998-05-19,2026-06-19
Chile,unemp,ECO_RELEASE_DT,338,1,1998-06-02,2026-06-30
China,cpi,ECO_RELEASE_DT,636,1,2000-01-18,2026-07-08
South Africa,pmi,ECO_RELEASE_DT,279,1,2002-07-31,2026-07-01
Italy,ppi,ECO_RELEASE_DT,277,1,2003-04-02,2026-06-30
Switzerland,unemp,ECO_RELEASE_DT,279,1,2003-05-07,2026-07-06
Japan,gdp,ECO_RELEASE_DT,76,1,2007-09-09,2026-06-07
Brazil,retail_sales,ECO_RELEASE_DT,214,1,2008-09-16,2026-06-16
Vietnam,ip,ECO_RELEASE_DT,181,1,2011-06-29,2026-07-02
Mexico,consumer_confidence,ECO_RELEASE_DT,79,1,2019-09-05,2026-07-03
India,ppi,ECO_RELEASE_DT,1,1,2026-06-15,2026-06-15
Canada,unemp,ECO_RELEASE_DT,355,1,1997-01-10,2026-07-10
Sweden,ppi,ECO_RELEASE_DT,353,1,1997-01-30,2026-06-26
Mexico,gdp,ECO_RELEASE_DT,117,1,1997-02-19,2026-05-22
Sweden,gdp,ECO_RELEASE_DT,118,1,1997-03-12,2026-05-29
Philippines,cpi,ECO_RELEASE_DT,320,1,1999-07-04,2026-07-06
Brazil,ip,ECO_RELEASE_DT,301,1,2001-07-06,2026-07-03
United States,cpi,ECO_RELEASE_DT,852,1,2002-10-18,2026-06-10
Korea,unemp,ECO_RELEASE_DT,240,1,2006-06-14,2026-06-10
Saudi Arabia,cpi,ECO_RELEASE_DT,195,1,2010-04-18,2026-06-15
Brazil,consumer_confidence,ECO_RELEASE_DT,194,1,2010-05-25,2026-06-24
Brazil,employment,ECO_RELEASE_DT,49,1,2022-06-28,2026-06-30
Spain,pmi,ECO_RELEASE_DT,36,1,2023-08-01,2026-07-01
Canada,core_cpi,ECO_RELEASE_DT,25,1,1998-12-18,2026-06-22
Singapore,pmi,ECO_RELEASE_DT,306,1,2001-01-03,2026-07-02
Japan,ip,ECO_RELEASE_DT,292,1,2002-04-17,2026-06-29
Mexico,cpi,ECO_RELEASE_DT,259,1,2005-01-07,2026-07-09
Germany,unemp,ECO_RELEASE_DT,49,1,2005-05-31,2009-05-28
Thailand,core_cpi,ECO_RELEASE_DT,242,1,2006-06-01,2026-07-05
Malaysia,unemp,ECO_RELEASE_DT,28,1,2006-06-30,2013-02-28
Italy,unemp,ECO_RELEASE_DT,198,1,2010-01-08,2026-07-02
India,cpi,ECO_RELEASE_DT,168,1,2012-05-18,2026-06-12
Taiwan,ppi,ECO_RELEASE_DT,43,1,2023-01-06,2026-07-07
Philippines,pmi,ECO_RELEASE_DT,36,1,2023-07-31,2026-06-30
France,pmi,ECO_RELEASE_DT,36,1,2023-08-01,2026-07-01
Australia,core_cpi,ECO_RELEASE_DT,24,1,2024-07-30,2026-06-23
Australia,gdp,ECO_RELEASE_DT,118,1,1997-03-04,2026-06-02
Denmark,retail_sales,ECO_RELEASE_DT,280,1,1998-04-07,2026-06-24
Singapore,unemp,ECO_RELEASE_DT,105,1,1999-02-24,2026-04-29
Hong Kong,cpi,ECO_RELEASE_DT,309,1,2000-10-23,2026-06-23
France,gdp,ECO_RELEASE_DT,100,1,2001-10-12,2026-05-29
China,unemp,ECO_RELEASE_DT,32,1,2001-10-18,2006-07-31
Singapore,gdp,ECO_RELEASE_DT,94,1,2003-02-26,2026-05-24
Indonesia,core_cpi,ECO_RELEASE_DT,238,1,2006-04-03,2026-07-01
Poland,core_cpi,ECO_RELEASE_DT,192,1,2009-01-21,2026-06-16
Sweden,unemp,ECO_RELEASE_DT,102,1,2012-08-23,2021-01-28
Switzerland,core_cpi,ECO_RELEASE_DT,95,1,2018-09-04,2026-07-02
Turkey,consumer_confidence,ECO_RELEASE_DT,69,1,2020-10-22,2026-06-22
Korea,core_cpi,ECO_RELEASE_DT,36,1,2023-08-01,2026-07-01
Saudi Arabia,ip,ECO_RELEASE_DT,31,1,2024-01-10,2026-07-09
Spain,employment,ECO_RELEASE_DT,26,1,2024-06-04,2026-07-02
Sweden,retail_sales,ECO_RELEASE_DT,348,1,1997-08-20,2026-06-30
Australia,employment,ECO_RELEASE_DT,340,1,1998-03-11,2026-06-24
Malaysia,gdp,ECO_RELEASE_DT,105,1,1999-11-24,2026-05-15
United States,core_cpi,ECO_RELEASE_DT,852,1,2002-10-18,2026-06-10
Italy,retail_sales,ECO_RELEASE_DT,280,1,2003-04-24,2026-07-03
Netherlands,unemp,ECO_RELEASE_DT,107,1,2004-02-19,2015-02-26
Korea,consumer_confidence,ECO_RELEASE_DT,213,1,2008-09-25,2026-06-22
Taiwan,core_cpi,ECO_RELEASE_DT,106,1,2017-10-06,2026-07-07
Korea,retail_sales,ECO_RELEASE_DT,64,1,2021-03-24,2026-06-23
Vietnam,retail_sales,ECO_RELEASE_DT,50,1,2022-04-28,2026-07-02
Germany,pmi,ECO_RELEASE_DT,36,1,2023-08-01,2026-07-01
U.K.,pmi,ECO_RELEASE_DT,36,1,2023-08-01,2026-07-01
France,cpi,ECO_RELEASE_DT,351,1,1997-03-25,2026-07-10
United States,gdp,ECO_RELEASE_DT,354,1,1997-03-26,2026-06-25
U.K.,gdp,ECO_RELEASE_DT,111,1,1998-12-21,2026-06-30
Singapore,ip,ECO_RELEASE_DT,329,1,1999-02-27,2026-06-26
Taiwan,ip,ECO_RELEASE_DT,316,1,2000-01-20,2026-06-24
Japan,unemp,ECO_RELEASE_DT,317,1,2000-02-28,2026-06-29
Japan,retail_sales,ECO_RELEASE_DT,279,1,2003-04-27,2026-06-28
U.K.,cpi,ECO_RELEASE_DT,277,1,2003-06-17,2026-06-17
China,pmi,ECO_RELEASE_DT,506,2,2005-07-31,2026-06-30
Chile,retail_sales,ECO_RELEASE_DT,184,1,2011-03-30,2026-06-30
Turkey,core_cpi,ECO_RELEASE_DT,181,1,2011-07-04,2026-07-03
Japan,pmi,ECO_RELEASE_DT,36,1,2023-07-31,2026-06-30
Italy,pmi,ECO_RELEASE_DT,36,1,2023-08-01,2026-07-01
Denmark,consumer_confidence,ECO_RELEASE_DT,349,1,1997-02-20,2026-06-22
Sweden,cpi,ECO_RELEASE_DT,352,1,1997-04-15,2026-07-08
Indonesia,gdp,ECO_RELEASE_DT,107,1,1999-05-02,2026-05-05
Brazil,cpi,ECO_RELEASE_DT,253,1,2001-01-09,2026-07-10
Brazil,unemp,ECO_RELEASE_DT,156,1,2003-01-24,2016-03-23
Indonesia,consumer_confidence,ECO_RELEASE_DT,243,1,2006-05-08,2026-07-08
U.K.,employment,ECO_RELEASE_DT,165,1,2012-06-20,2026-06-18
Sweden,consumer_confidence,ECO_RELEASE_DT,156,1,2013-07-25,2026-06-26
Mexico,unemp,ECO_RELEASE_DT,75,1,2014-02-24,2020-04-27
Korea,pmi,ECO_RELEASE_DT,36,1,2023-07-31,2026-06-30
United States,unemp,ECO_RELEASE_DT,1062,1,1997-01-10,2026-07-02
France,ip,ECO_RELEASE_DT,350,1,1997-01-22,2026-07-03
Germany,gdp,ECO_RELEASE_DT,118,1,1997-03-05,2026-05-22
Germany,ip,ECO_RELEASE_DT,96,1,1997-03-26,2005-02-23
Switzerland,ip,ECO_RELEASE_DT,111,1,1998-06-29,2026-05-21
Indonesia,cpi,ECO_RELEASE_DT,330,1,1999-02-01,2026-07-01
Italy,cpi,ECO_RELEASE_DT,327,1,1999-03-29,2026-06-30
Malaysia,cpi,ECO_RELEASE_DT,295,1,2001-12-13,2026-06-19
Australia,ppi,ECO_RELEASE_DT,97,1,2002-04-21,2026-04-30
Vietnam,cpi,ECO_RELEASE_DT,238,1,2006-09-25,2026-07-02
Poland,employment,ECO_RELEASE_DT,228,1,2007-07-16,2026-06-22
Turkey,ip,ECO_RELEASE_DT,202,1,2009-10-27,2026-07-10
Germany,ppi,ECO_RELEASE_DT,354,1,1997-01-22,2026-06-19
Poland,ppi,ECO_RELEASE_DT,335,1,1998-05-19,2026-06-22
Brazil,gdp,ECO_RELEASE_DT,109,1,1998-11-18,2026-05-29
Singapore,cpi,ECO_RELEASE_DT,327,1,1999-04-23,2026-06-23
Chile,cpi,ECO_RELEASE_DT,225,1,2000-03-03,2019-02-08
Denmark,cpi,ECO_RELEASE_DT,306,1,2001-02-12,2026-07-10
Spain,ip,ECO_RELEASE_DT,280,1,2003-04-04,2026-07-03
South Africa,employment,ECO_RELEASE_DT,59,1,2011-09-20,2026-06-30
Canada,consumer_confidence,ECO_RELEASE_DT,667,1,2013-09-30,2026-07-06
Mexico,employment,ECO_RELEASE_DT,149,1,2014-03-18,2026-07-09
France,employment,ECO_RELEASE_DT,36,1,2017-09-12,2026-05-29
