country,category,export_share,import_share,net_share,export_year,import_year,fetched_ts
Australia,fuel,0.268946,0.116313,0.152633,2025,2025,2026-09-03T09:40:37
Australia,ores_metals,0.325962,0.025146,0.300816,2025,2025,2026-09-03T09:40:37
Australia,precious,0.118978,0.053445,0.065532,2025,2025,2026-09-03T09:40:37
Australia,food,0.120853,0.026004,0.094849,2025,2025,2026-09-03T09:40:37
Australia,agri_raw,0.012142,0.020673,-0.008531,2025,2025,2026-09-03T09:40:37
Australia,fertilizer,0.001309,0.011698,-0.010389,2025,2025,2026-09-03T09:40:37
Brazil,fuel,0.16117,0.110861,0.050309,2025,2025,2026-09-03T09:40:43
Brazil,ores_metals,0.144679,0.041435,0.103244,2025,2025,2026-09-03T09:40:43
Brazil,precious,0.020654,0.003877,0.016777,2025,2025,2026-09-03T09:40:43
Brazil,food,0.344336,0.039348,0.304989,2025,2025,2026-09-03T09:40:43
Brazil,agri_raw,0.062078,0.019533,0.042545,2025,2025,2026-09-03T09:40:43
Brazil,fertilizer,0.000904,0.056913,-0.05601,2025,2025,2026-09-03T09:40:43
Canada,fuel,0.247932,0.060887,0.187044,2025,2025,2026-09-03T09:40:48
Canada,ores_metals,0.072489,0.038598,0.033892,2025,2025,2026-09-03T09:40:48
Canada,precious,0.078782,0.046096,0.032686,2025,2025,2026-09-03T09:40:48
Canada,food,0.083848,0.047975,0.035872,2025,2025,2026-09-03T09:40:48
Canada,agri_raw,0.037828,0.019439,0.018389,2025,2025,2026-09-03T09:40:48
Canada,fertilizer,0.013203,0.004817,0.008385,2025,2025,2026-09-03T09:40:48
Chile,fuel,0.008842,0.155069,-0.146226,2025,2025,2026-09-03T09:40:53
Chile,ores_metals,0.580752,0.038173,0.542579,2025,2025,2026-09-03T09:40:53
Chile,precious,0.033727,0.001452,0.032275,2025,2025,2026-09-03T09:40:53
Chile,food,0.184403,0.073188,0.111215,2025,2025,2026-09-03T09:40:53
Chile,agri_raw,0.051863,0.019772,0.032091,2025,2025,2026-09-03T09:40:53
Chile,fertilizer,0.003547,0.007098,-0.003552,2025,2025,2026-09-03T09:40:53
ChinaA,fuel,0.014979,0.194968,-0.179989,2024,2024,2026-09-03T09:41:02
ChinaH,fuel,0.014979,0.194968,-0.179989,2024,2024,2026-09-03T09:41:02
ChinaA,ores_metals,0.036914,0.148513,-0.111599,2024,2024,2026-09-03T09:41:02
ChinaH,ores_metals,0.036914,0.148513,-0.111599,2024,2024,2026-09-03T09:41:02
ChinaA,precious,0.010017,0.045988,-0.035971,2024,2024,2026-09-03T09:41:02
ChinaH,precious,0.010017,0.045988,-0.035971,2024,2024,2026-09-03T09:41:02
ChinaA,food,0.01349,0.064788,-0.051298,2024,2024,2026-09-03T09:41:02
ChinaH,food,0.01349,0.064788,-0.051298,2024,2024,2026-09-03T09:41:02
ChinaA,agri_raw,0.018072,0.02735,-0.009278,2024,2024,2026-09-03T09:41:02
ChinaH,agri_raw,0.018072,0.02735,-0.009278,2024,2024,2026-09-03T09:41:02
ChinaA,fertilizer,0.002377,0.001784,0.000593,2024,2024,2026-09-03T09:41:02
ChinaH,fertilizer,0.002377,0.001784,0.000593,2024,2024,2026-09-03T09:41:02
Denmark,fuel,0.047247,0.061566,-0.014318,2025,2025,2026-09-03T09:41:08
Denmark,ores_metals,0.03031,0.037303,-0.006993,2025,2025,2026-09-03T09:41:08
Denmark,precious,0.002034,0.002503,-0.000469,2025,2025,2026-09-03T09:41:08
Denmark,food,0.104737,0.073585,0.031152,2025,2025,2026-09-03T09:41:08
Denmark,agri_raw,0.011044,0.028473,-0.017428,2025,2025,2026-09-03T09:41:08
Denmark,fertilizer,0.000171,0.002815,-0.002644,2025,2025,2026-09-03T09:41:08
France,fuel,0.037615,0.104517,-0.066902,2025,2025,2026-09-03T09:41:12
France,ores_metals,0.04126,0.038796,0.002464,2025,2025,2026-09-03T09:41:12
France,precious,0.036806,0.021838,0.014968,2025,2025,2026-09-03T09:41:12
France,food,0.059984,0.064056,-0.004072,2025,2025,2026-09-03T09:41:12
France,agri_raw,0.018211,0.022134,-0.003923,2025,2025,2026-09-03T09:41:12
France,fertilizer,0.000836,0.004084,-0.003248,2025,2025,2026-09-03T09:41:12
Germany,fuel,0.019032,0.07455,-0.055518,2025,2025,2026-09-03T09:41:17
Germany,ores_metals,0.040446,0.052442,-0.011996,2025,2025,2026-09-03T09:41:17
Germany,precious,0.018927,0.021665,-0.002738,2025,2025,2026-09-03T09:41:17
Germany,food,0.029495,0.05546,-0.025965,2025,2025,2026-09-03T09:41:17
Germany,agri_raw,0.017725,0.021452,-0.003727,2025,2025,2026-09-03T09:41:17
Germany,fertilizer,0.00152,0.00134,0.00018,2025,2025,2026-09-03T09:41:17
Hong Kong,fuel,0.000839,0.016192,-0.015353,2025,2025,2026-09-03T09:41:22
Hong Kong,ores_metals,0.005887,0.005727,0.00016,2025,2025,2026-09-03T09:41:22
Hong Kong,precious,0.157596,0.184547,-0.026951,2025,2025,2026-09-03T09:41:22
Hong Kong,food,0.005215,0.014849,-0.009634,2025,2025,2026-09-03T09:41:22
Hong Kong,agri_raw,0.001156,0.001557,-0.000401,2025,2025,2026-09-03T09:41:22
Hong Kong,fertilizer,4e-06,1.4e-05,-1e-05,2025,2025,2026-09-03T09:41:22
India,fuel,0.131495,0.277791,-0.146296,2025,2025,2026-09-03T09:41:26
India,ores_metals,0.053775,0.068587,-0.014811,2025,2025,2026-09-03T09:41:26
India,precious,0.066804,0.124827,-0.058023,2025,2025,2026-09-03T09:41:26
India,food,0.095671,0.043686,0.051986,2025,2025,2026-09-03T09:41:26
India,agri_raw,0.027274,0.017656,0.009618,2025,2025,2026-09-03T09:41:26
India,fertilizer,0.000271,0.018826,-0.018556,2025,2025,2026-09-03T09:41:26
Indonesia,fuel,0.160132,0.152179,0.007953,2025,2025,2026-09-03T09:41:31
Indonesia,ores_metals,0.180411,0.072842,0.107569,2025,2025,2026-09-03T09:41:31
Indonesia,precious,0.037199,0.021342,0.015857,2025,2025,2026-09-03T09:41:31
Indonesia,food,0.160631,0.06137,0.099261,2025,2025,2026-09-03T09:41:31
Indonesia,agri_raw,0.049773,0.028971,0.020802,2025,2025,2026-09-03T09:41:31
Indonesia,fertilizer,0.003038,0.010385,-0.007347,2025,2025,2026-09-03T09:41:31
Italy,fuel,0.025354,0.10677,-0.081416,2025,2025,2026-09-03T09:41:36
Italy,ores_metals,0.04375,0.072821,-0.029071,2025,2025,2026-09-03T09:41:36
Italy,precious,0.043804,0.034405,0.009399,2025,2025,2026-09-03T09:41:36
Italy,food,0.044498,0.078721,-0.034223,2025,2025,2026-09-03T09:41:36
Italy,agri_raw,0.019476,0.02744,-0.007964,2025,2025,2026-09-03T09:41:36
Italy,fertilizer,0.001065,0.002088,-0.001024,2025,2025,2026-09-03T09:41:36
Japan,fuel,0.012309,0.195749,-0.183441,2025,2025,2026-09-03T09:41:40
Japan,ores_metals,0.060486,0.066622,-0.006137,2025,2025,2026-09-03T09:41:40
Japan,precious,0.041288,0.02135,0.019939,2025,2025,2026-09-03T09:41:40
Japan,food,0.005685,0.062046,-0.056361,2025,2025,2026-09-03T09:41:40
Japan,agri_raw,0.01527,0.022237,-0.006967,2025,2025,2026-09-03T09:41:40
Japan,fertilizer,0.00019,0.001167,-0.000977,2025,2025,2026-09-03T09:41:40
Korea,fuel,0.066621,0.22181,-0.155189,2025,2025,2026-09-03T09:41:44
Korea,ores_metals,0.053239,0.08296,-0.029722,2025,2025,2026-09-03T09:41:44
Korea,precious,0.011174,0.020953,-0.009779,2025,2025,2026-09-03T09:41:44
Korea,food,0.005461,0.046048,-0.040587,2025,2025,2026-09-03T09:41:44
Korea,agri_raw,0.011534,0.013134,-0.0016,2025,2025,2026-09-03T09:41:44
Korea,fertilizer,0.000631,0.001141,-0.00051,2025,2025,2026-09-03T09:41:44
Malaysia,fuel,0.111625,0.12012,-0.008495,2025,2025,2026-09-03T09:41:50
Malaysia,ores_metals,0.053176,0.059711,-0.006536,2025,2025,2026-09-03T09:41:50
Malaysia,precious,0.013946,0.02404,-0.010094,2025,2025,2026-09-03T09:41:50
Malaysia,food,0.064919,0.047641,0.017277,2025,2025,2026-09-03T09:41:50
Malaysia,agri_raw,0.026227,0.019977,0.00625,2025,2025,2026-09-03T09:41:50
Malaysia,fertilizer,0.002335,0.003913,-0.001578,2025,2025,2026-09-03T09:41:50
Mexico,fuel,0.030896,0.05575,-0.024854,2025,2025,2026-09-03T09:41:55
Mexico,ores_metals,0.034268,0.053578,-0.01931,2025,2025,2026-09-03T09:41:55
Mexico,precious,0.016758,0.003199,0.013559,2025,2025,2026-09-03T09:41:55
Mexico,food,0.042726,0.051599,-0.008872,2025,2025,2026-09-03T09:41:55
Mexico,agri_raw,0.009271,0.019586,-0.010315,2025,2025,2026-09-03T09:41:55
Mexico,fertilizer,0.000538,0.003428,-0.00289,2025,2025,2026-09-03T09:41:55
Netherlands,fuel,0.130866,0.160126,-0.029259,2025,2025,2026-09-03T09:42:01
Netherlands,ores_metals,0.034733,0.037889,-0.003156,2025,2025,2026-09-03T09:42:01
Netherlands,precious,0.004283,0.004013,0.00027,2025,2025,2026-09-03T09:42:01
Netherlands,food,0.098779,0.083414,0.015365,2025,2025,2026-09-03T09:42:01
Netherlands,agri_raw,0.012086,0.018402,-0.006316,2025,2025,2026-09-03T09:42:01
Netherlands,fertilizer,0.003825,0.001402,0.002423,2025,2025,2026-09-03T09:42:01
Philippines,fuel,0.009614,0.127398,-0.117784,2025,2025,2026-09-03T09:42:08
Philippines,ores_metals,0.076832,0.057345,0.019487,2025,2025,2026-09-03T09:42:08
Philippines,precious,0.032574,0.0021,0.030473,2025,2025,2026-09-03T09:42:08
Philippines,food,0.076457,0.098536,-0.022079,2025,2025,2026-09-03T09:42:08
Philippines,agri_raw,0.01387,0.014992,-0.001122,2025,2025,2026-09-03T09:42:08
Philippines,fertilizer,0.000317,0.006329,-0.006012,2025,2025,2026-09-03T09:42:08
Poland,fuel,0.020746,0.062975,-0.04223,2025,2025,2026-09-03T09:42:12
Poland,ores_metals,0.044088,0.064724,-0.020637,2025,2025,2026-09-03T09:42:12
Poland,precious,0.00718,0.006202,0.000979,2025,2025,2026-09-03T09:42:12
Poland,food,0.074798,0.0515,0.023298,2025,2025,2026-09-03T09:42:12
Poland,agri_raw,0.034738,0.023355,0.011383,2025,2025,2026-09-03T09:42:12
Poland,fertilizer,0.003581,0.005114,-0.001534,2025,2025,2026-09-03T09:42:12
Saudi Arabia,fuel,0.687128,0.045099,0.642029,2025,2025,2026-09-03T09:42:16
Saudi Arabia,ores_metals,0.021787,0.057662,-0.035876,2025,2025,2026-09-03T09:42:16
Saudi Arabia,precious,0.014118,0.047397,-0.033279,2025,2025,2026-09-03T09:42:16
Saudi Arabia,food,0.013585,0.08202,-0.068436,2025,2025,2026-09-03T09:42:16
Saudi Arabia,agri_raw,0.003061,0.018307,-0.015246,2025,2025,2026-09-03T09:42:16
Saudi Arabia,fertilizer,0.021961,0.000749,0.021212,2025,2025,2026-09-03T09:42:16
Singapore,fuel,0.094133,0.154649,-0.060516,2025,2025,2026-09-03T09:42:23
Singapore,ores_metals,0.009621,0.017333,-0.007712,2025,2025,2026-09-03T09:42:23
Singapore,precious,0.045164,0.058372,-0.013208,2025,2025,2026-09-03T09:42:23
Singapore,food,0.003073,0.017681,-0.014608,2025,2025,2026-09-03T09:42:23
Singapore,agri_raw,0.004519,0.003699,0.00082,2025,2025,2026-09-03T09:42:23
Singapore,fertilizer,2.8e-05,3.7e-05,-9e-06,2025,2025,2026-09-03T09:42:23
South Africa,fuel,0.081713,0.176245,-0.094533,2025,2025,2026-09-03T09:42:27
South Africa,ores_metals,0.221709,0.031304,0.190405,2025,2025,2026-09-03T09:42:27
South Africa,precious,0.200026,0.019313,0.180713,2025,2025,2026-09-03T09:42:27
South Africa,food,0.089712,0.045238,0.044474,2025,2025,2026-09-03T09:42:27
South Africa,agri_raw,0.022118,0.019653,0.002465,2025,2025,2026-09-03T09:42:27
South Africa,fertilizer,0.004411,0.010325,-0.005914,2025,2025,2026-09-03T09:42:27
Spain,fuel,0.048524,0.117546,-0.069022,2025,2025,2026-09-03T09:42:32
Spain,ores_metals,0.053586,0.056433,-0.002847,2025,2025,2026-09-03T09:42:32
Spain,precious,0.014809,0.008902,0.005907,2025,2025,2026-09-03T09:42:32
Spain,food,0.127002,0.084454,0.042548,2025,2025,2026-09-03T09:42:32
Spain,agri_raw,0.023207,0.01909,0.004117,2025,2025,2026-09-03T09:42:32
Spain,fertilizer,0.003867,0.003562,0.000305,2025,2025,2026-09-03T09:42:32
Sweden,fuel,0.060352,0.082662,-0.02231,2025,2025,2026-09-03T09:42:36
Sweden,ores_metals,0.088787,0.057835,0.030952,2025,2025,2026-09-03T09:42:36
Sweden,precious,0.011075,0.005131,0.005944,2025,2025,2026-09-03T09:42:36
Sweden,food,0.04334,0.073881,-0.030541,2025,2025,2026-09-03T09:42:36
Sweden,agri_raw,0.04744,0.026289,0.021151,2025,2025,2026-09-03T09:42:36
Sweden,fertilizer,0.001487,0.002836,-0.001348,2025,2025,2026-09-03T09:42:36
Switzerland,fuel,0.009707,0.022651,-0.012944,2025,2025,2026-09-03T09:42:40
Switzerland,ores_metals,0.009003,0.015145,-0.006142,2025,2025,2026-09-03T09:42:40
Switzerland,precious,0.398553,0.46612,-0.067567,2025,2025,2026-09-03T09:42:40
Switzerland,food,0.010456,0.018701,-0.008245,2025,2025,2026-09-03T09:42:40
Switzerland,agri_raw,0.002408,0.009105,-0.006697,2025,2025,2026-09-03T09:42:40
Switzerland,fertilizer,2e-05,0.000351,-0.00033,2025,2025,2026-09-03T09:42:40
Thailand,fuel,0.023639,0.12288,-0.099241,2025,2025,2026-09-03T09:42:45
Thailand,ores_metals,0.033121,0.076807,-0.043686,2025,2025,2026-09-03T09:42:45
Thailand,precious,0.07879,0.0827,-0.003911,2025,2025,2026-09-03T09:42:45
Thailand,food,0.07038,0.040084,0.030296,2025,2025,2026-09-03T09:42:45
Thailand,agri_raw,0.074366,0.017494,0.056872,2025,2025,2026-09-03T09:42:45
Thailand,fertilizer,0.000641,0.008417,-0.007776,2025,2025,2026-09-03T09:42:45
Turkey,fuel,0.055801,0.170965,-0.115164,2025,2025,2026-09-03T09:42:50
Turkey,ores_metals,0.082886,0.109173,-0.026287,2025,2025,2026-09-03T09:42:50
Turkey,precious,0.048899,0.076937,-0.028038,2025,2025,2026-09-03T09:42:50
Turkey,food,0.072122,0.042706,0.029416,2025,2025,2026-09-03T09:42:50
Turkey,agri_raw,0.030872,0.024973,0.005899,2025,2025,2026-09-03T09:42:50
Turkey,fertilizer,0.002379,0.005488,-0.003108,2025,2025,2026-09-03T09:42:50
U.K.,fuel,0.067486,0.079506,-0.01202,2025,2025,2026-09-03T09:42:57
U.K.,ores_metals,0.02937,0.021489,0.007881,2025,2025,2026-09-03T09:42:57
U.K.,precious,0.189744,0.190398,-0.000654,2025,2025,2026-09-03T09:42:57
U.K.,food,0.022111,0.045828,-0.023718,2025,2025,2026-09-03T09:42:57
U.K.,agri_raw,0.008264,0.017177,-0.008913,2025,2025,2026-09-03T09:42:57
U.K.,fertilizer,0.000766,0.001726,-0.00096,2025,2025,2026-09-03T09:42:57
U.S.,fuel,0.141889,0.061761,0.080128,2025,2025,2026-09-03T09:43:01
NASDAQ,fuel,0.141889,0.061761,0.080128,2025,2025,2026-09-03T09:43:01
US SmallCap,fuel,0.141889,0.061761,0.080128,2025,2025,2026-09-03T09:43:01
U.S.,ores_metals,0.026607,0.025902,0.000705,2025,2025,2026-09-03T09:43:01
NASDAQ,ores_metals,0.026607,0.025902,0.000705,2025,2025,2026-09-03T09:43:01
US SmallCap,ores_metals,0.026607,0.025902,0.000705,2025,2025,2026-09-03T09:43:01
U.S.,precious,0.067967,0.043329,0.024638,2025,2025,2026-09-03T09:43:01
NASDAQ,precious,0.067967,0.043329,0.024638,2025,2025,2026-09-03T09:43:01
US SmallCap,precious,0.067967,0.043329,0.024638,2025,2025,2026-09-03T09:43:01
U.S.,food,0.052834,0.037155,0.015678,2025,2025,2026-09-03T09:43:01
NASDAQ,food,0.052834,0.037155,0.015678,2025,2025,2026-09-03T09:43:01
US SmallCap,food,0.052834,0.037155,0.015678,2025,2025,2026-09-03T09:43:01
U.S.,agri_raw,0.017327,0.018688,-0.001361,2025,2025,2026-09-03T09:43:01
NASDAQ,agri_raw,0.017327,0.018688,-0.001361,2025,2025,2026-09-03T09:43:01
US SmallCap,agri_raw,0.017327,0.018688,-0.001361,2025,2025,2026-09-03T09:43:01
U.S.,fertilizer,0.002318,0.002567,-0.000249,2025,2025,2026-09-03T09:43:01
NASDAQ,fertilizer,0.002318,0.002567,-0.000249,2025,2025,2026-09-03T09:43:01
US SmallCap,fertilizer,0.002318,0.002567,-0.000249,2025,2025,2026-09-03T09:43:01
Vietnam,fuel,0.009537,0.078924,-0.069387,2023,2023,2026-09-03T09:45:21
Vietnam,ores_metals,0.035987,0.075366,-0.039379,2023,2023,2026-09-03T09:45:21
Vietnam,precious,0.002997,0.002338,0.000659,2023,2023,2026-09-03T09:45:21
Vietnam,food,0.073403,0.062194,0.01121,2023,2023,2026-09-03T09:45:21
Vietnam,agri_raw,0.042007,0.037248,0.00476,2023,2023,2026-09-03T09:45:21
Vietnam,fertilizer,0.001747,0.004329,-0.002582,2023,2023,2026-09-03T09:45:21
Taiwan,fuel,0.026843,0.1357,-0.108857,2024,2024,2026-09-03T09:46:32
Taiwan,ores_metals,0.035783,0.06464,-0.028857,2024,2024,2026-09-03T09:46:32
Taiwan,precious,0.004772,0.013249,-0.008478,2024,2024,2026-09-03T09:46:32
Taiwan,food,0.004797,0.027481,-0.022684,2024,2024,2026-09-03T09:46:32
Taiwan,agri_raw,0.006384,0.008699,-0.002315,2024,2024,2026-09-03T09:46:32
Taiwan,fertilizer,0.000355,0.000713,-0.000358,2024,2024,2026-09-03T09:46:32
