Year,AUT,AUS,BEL,CAN,CHE,DEU,DNK,ESP,FIN,FRA,GBR,GRC,IRL,ITA,JPN,KOR,NLD,NOR,NZL,PRT,SWE,USA,CHN,IND,BRA,MEX,RUS,ZAF,IDN,THA,MYS,POL,TUR,CHL
1950,-1.4581,-4.5246,-1.7893,-5.3045,-3.051,-1.6568,-3.8098,-4.3658,-5.5811,-2.2738,-2.6166,-4.9302,-3.3871,-3.7597,-6.3943,-8.1062,-4.9153,-4.2751,-4.6221,-4.8491,-3.2488,-4.8139,-6.6299,-7.9958,-9.1683,-9.3814,-5.7557,-8.7037,-8.5449,-8.2968,-7.9164,-5.789,-8.157,-7.9832
1951,-1.2879,-4.6334,-1.7782,-5.4438,-2.9599,-1.5116,-3.5764,-4.2369,-5.4705,-2.3943,-2.5103,-4.8806,-3.4459,-3.6938,-6.3585,-7.8867,-4.7954,-4.1029,-4.6711,-4.7664,-3.0438,-4.8396,-6.9251,-8.0918,-9.2344,-9.4259,-5.8433,-8.7005,-8.4278,-8.4228,-8.2573,-5.9585,-8.2118,-8.015
1952,-1.0715,-4.645,-1.7261,-5.5362,-2.8554,-1.3542,-3.326,-4.2454,-5.2639,-2.422,-2.3298,-4.8173,-3.4784,-3.5559,-6.1018,-7.7275,-4.5612,-3.8927,-4.6992,-4.7496,-2.8137,-4.7864,-7.2343,-8.1922,-9.289,-9.4567,-5.884,-8.6871,-8.363,-8.5568,-8.5469,-6.0859,-8.2719,-8.0397
1953,-0.842,-4.6255,-1.6751,-5.5997,-2.7408,-1.1873,-3.0996,-4.2309,-5.0736,-2.4247,-2.156,-4.7477,-3.4832,-3.405,-5.8031,-7.6941,-4.3655,-3.6992,-4.7451,-4.7084,-2.5652,-4.7308,-7.5293,-8.2989,-9.3238,-9.4652,-5.9646,-8.6552,-8.3499,-8.7006,-8.7898,-6.1656,-8.3283,-8.0479
1954,-0.6463,-4.6032,-1.616,-5.6572,-2.6246,-1.0141,-2.8945,-4.2001,-4.8523,-2.4094,-2.0115,-4.6866,-3.4662,-3.2776,-5.5376,-7.7611,-4.2043,-3.5022,-4.8022,-4.6446,-2.3027,-4.6995,-7.7565,-8.3683,-9.3311,-9.4602,-6.0147,-8.6267,-8.3915,-8.8334,-8.999,-6.1272,-8.3595,-8.0422
1955,-0.5211,-4.5723,-1.5704,-5.7037,-2.5217,-0.8827,-2.6941,-4.1801,-4.6298,-2.4054,-1.8881,-4.6551,-3.4214,-3.1972,-5.3367,-7.8905,-4.0866,-3.3207,-4.8491,-4.6012,-2.061,-4.6752,-7.9377,-8.3912,-9.3219,-9.4561,-6.0314,-8.6136,-8.4625,-8.9294,-9.1405,-6.0265,-8.333,-8.0284
1956,-0.4577,-4.5239,-1.5278,-5.7462,-2.4309,-0.799,-2.4945,-4.1654,-4.4014,-2.3778,-1.776,-4.6516,-3.3458,-3.1308,-5.1253,-8.0398,-3.9558,-3.1207,-4.8648,-4.5361,-1.8497,-4.634,-8.0262,-8.4005,-9.3101,-9.4515,-6.02,-8.5916,-8.5303,-9.0005,-9.2226,-5.9369,-8.3155,-8.0108
1957,-0.4045,-4.4506,-1.4842,-5.7986,-2.3523,-0.6465,-2.2943,-4.1515,-4.1563,-2.3168,-1.6745,-4.6476,-3.2662,-3.0625,-4.8816,-8.1876,-3.7901,-2.8968,-4.8604,-4.4555,-1.6516,-4.569,-8.0603,-8.3981,-9.2892,-9.4426,-5.9831,-8.555,-8.598,-9.0585,-9.2846,-5.8462,-8.3193,-7.9874
1958,-0.3599,-4.3852,-1.4478,-5.8194,-2.2766,-0.5147,-2.0977,-4.1271,-3.8871,-2.2398,-1.5864,-4.6332,-3.1667,-2.9848,-4.6674,-8.3423,-3.6592,-2.6758,-4.8668,-4.3872,-1.4481,-4.4884,-8.0357,-8.3805,-9.2566,-9.427,-5.9397,-8.5051,-8.6653,-9.1053,-9.3234,-5.7103,-8.2842,-7.9502
1959,-0.3512,-4.3398,-1.4074,-5.777,-2.1961,-0.4931,-1.9272,-4.0969,-3.6265,-2.1518,-1.5078,-4.6099,-3.0545,-2.9006,-4.5141,-8.4867,-3.5583,-2.4609,-4.8785,-4.3104,-1.2478,-4.3998,-7.8153,-8.3341,-9.2097,-9.4087,-5.8243,-8.4494,-8.732,-9.1369,-9.3334,-5.4776,-8.2127,-7.9006
1960,-0.3844,-4.3018,-1.3574,-5.7069,-2.1107,-0.5081,-1.7814,-4.0311,-3.3785,-2.0576,-1.4511,-4.576,-2.9569,-2.8077,-4.4032,-8.6104,-3.4569,-2.2397,-4.8852,-4.1791,-1.0548,-4.304,-7.3956,-8.2664,-9.1502,-9.3846,-5.6779,-8.3942,-8.7892,-9.1497,-9.3007,-5.1816,-8.1086,-7.839
1961,-0.4347,-4.2613,-1.3174,-5.6284,-2.0832,-0.5508,-1.6523,-3.9686,-3.1476,-1.9823,-1.4255,-4.4484,-2.879,-2.7205,-4.3257,-8.7113,-3.3785,-2.0122,-4.8828,-4.0673,-0.8668,-4.206,-6.9426,-8.1952,-9.0821,-9.3553,-5.5832,-8.3337,-8.8287,-9.1534,-9.2309,-4.853,-8.073,-7.765
1962,-0.4855,-4.2001,-1.2848,-5.5308,-2.1126,-0.6041,-1.5536,-3.9265,-2.9406,-1.9133,-1.427,-4.3312,-2.8268,-2.6813,-4.2896,-8.7612,-3.3167,-1.8087,-4.8525,-4.03,-0.703,-4.0964,-6.7018,-8.1225,-9.0047,-9.3303,-5.4536,-8.2684,-8.8509,-9.1553,-9.1383,-4.501,-8.1027,-7.682
1963,-0.544,-4.1239,-1.2562,-5.4054,-2.1539,-0.6761,-1.4893,-3.8833,-2.7689,-1.865,-1.3968,-4.3075,-2.8063,-2.6818,-4.2752,-8.7335,-3.2566,-1.6228,-4.7892,-3.9982,-0.5781,-3.9605,-6.8543,-8.0515,-8.9156,-9.3119,-5.2434,-8.2064,-8.8552,-9.1537,-9.0223,-4.1435,-8.1054,-7.5924
1964,-0.612,-4.0426,-1.23,-5.2476,-2.2159,-0.7573,-1.4615,-3.8463,-2.6184,-1.8527,-1.3451,-4.2856,-2.7993,-2.6968,-4.2628,-8.6226,-3.21,-1.4684,-4.6926,-3.9763,-0.528,-3.8058,-7.1725,-7.9843,-8.8112,-9.3014,-4.9443,-8.1526,-8.8423,-9.143,-8.8773,-3.8029,-8.0791,-7.495
1965,-0.663,-3.9433,-1.1839,-5.048,-2.2764,-0.8222,-1.4592,-3.8015,-2.4483,-1.8272,-1.3186,-3.3697,-2.7821,-2.6724,-4.2765,-8.407,-3.1642,-1.3524,-4.5571,-3.9145,-0.5302,-3.6233,-7.4686,-7.9097,-8.6882,-9.296,-4.5906,-8.107,-8.8119,-9.1197,-8.7021,-3.4804,-8.0178,-7.3891
1966,-0.7039,-3.8362,-1.136,-4.8074,-2.3188,-0.8725,-1.4769,-3.7346,-2.3104,-1.8166,-1.296,-3.2065,-2.7396,-2.6213,-4.2636,-8.1581,-3.1188,-1.2453,-4.3882,-3.7853,-0.5429,-3.422,-7.7766,-7.825,-8.5471,-9.2915,-4.2848,-8.0765,-8.7677,-9.0833,-8.5035,-3.2157,-7.9868,-7.2765
1967,-0.7406,-3.7473,-1.1055,-4.5432,-2.3341,-0.8862,-1.4931,-3.6379,-2.2022,-1.8294,-1.2671,-3.1271,-2.6703,-2.5812,-4.296,-7.9273,-3.0657,-1.1627,-4.2071,-3.6247,-0.5442,-3.2321,-7.8634,-7.7395,-8.3886,-9.282,-3.9981,-8.0612,-8.709,-9.0315,-8.2904,-2.9888,-7.9881,-7.1606
1968,-0.7616,-3.6885,-1.0752,-4.2678,-2.3153,-0.8891,-1.4502,-3.5362,-2.0781,-1.8342,-1.2209,-3.0539,-2.6039,-2.5245,-4.3968,-7.6832,-3.0047,-1.1124,-4.0326,-3.4426,-0.5134,-3.0585,-7.713,-7.6603,-8.2156,-9.2668,-3.6784,-8.0534,-8.6334,-8.9571,-8.0751,-2.7899,-7.9625,-7.0427
1969,-0.7689,-3.6731,-1.0233,-4.0019,-2.2704,-0.906,-1.3702,-3.4053,-1.9145,-1.8402,-1.1404,-2.9349,-2.5552,-2.4383,-4.4313,-7.4673,-2.9628,-1.0796,-3.8852,-3.2245,-0.4647,-2.9046,-7.6135,-7.5913,-8.0427,-9.2465,-3.3788,-8.0517,-8.5437,-8.8556,-7.8704,-2.6249,-7.9137,-6.9214
1970,-0.7399,-3.6774,-0.957,-3.7705,-2.2017,-0.8432,-1.2963,-3.255,-1.7177,-1.8363,-1.0205,-2.2403,-2.5347,-2.2829,-4.4243,-7.3051,-2.9283,-1.036,-3.7753,-2.8605,-0.4145,-2.7965,-7.5989,-7.5312,-7.8835,-9.2178,-3.1843,-8.0538,-8.4412,-8.727,-7.6942,-2.4775,-7.8397,-6.7972
1971,-0.7088,-3.6712,-0.918,-3.591,-2.1354,-0.7644,-1.2324,-3.134,-1.586,-1.865,-0.9099,-2.3151,-2.5547,-2.1122,-4.5224,-7.1952,-2.903,-0.9926,-3.6942,-2.5838,-0.367,-2.7148,-7.6008,-7.4805,-7.7445,-9.1795,-3.071,-8.0573,-8.3262,-8.5779,-7.5626,-2.4274,-7.7884,-6.6688
1972,-0.7083,-3.651,-0.9186,-3.4502,-2.0786,-0.7214,-1.2112,-3.0326,-1.5032,-1.9479,-0.8334,-2.1357,-2.6132,-2.0207,-4.6644,-7.1381,-2.8677,-0.9694,-3.6351,-2.5056,-0.3257,-2.6272,-7.5598,-7.4353,-7.63,-9.1276,-2.9782,-8.0588,-8.2019,-8.4192,-7.4708,-2.4687,-7.7613,-6.5363
1973,-0.703,-3.6005,-0.9266,-3.3358,-2.0012,-0.6601,-1.2224,-2.9423,-1.4156,-2.0238,-0.7585,-1.9602,-2.7009,-1.9714,-4.7445,-7.0805,-2.7867,-0.9392,-3.5898,-2.4295,-0.2982,-2.5393,-7.3631,-7.3942,-7.5395,-9.0576,-2.8718,-8.0583,-8.0766,-8.2537,-7.4076,-2.5377,-7.7164,-6.4027
1974,-0.6582,-3.5225,-0.9048,-3.2468,-1.9145,-0.5738,-1.2391,-2.8872,-1.3964,-2.0581,-0.6506,-1.809,-2.7865,-1.9072,-4.7703,-6.9879,-2.6645,-0.9052,-3.5355,-2.3716,-0.3069,-2.4513,-7.0519,-7.369,-7.4665,-8.9706,-2.7733,-8.0487,-7.9428,-8.0861,-7.3635,-2.6319,-7.6554,-6.2695
1975,-0.5819,-3.4203,-0.8465,-3.1754,-1.782,-0.4469,-1.2632,-2.8331,-1.434,-2.0279,-0.5094,-1.6973,-2.8557,-1.7982,-4.6997,-6.8287,-2.5175,-0.8651,-3.4494,-2.3375,-0.3223,-2.3706,-6.7099,-7.3563,-7.4076,-8.8678,-2.7324,-8.0279,-7.8057,-7.9254,-7.3337,-2.7535,-7.5702,-6.1377
1976,-0.5429,-3.2862,-0.8124,-3.1255,-1.6111,-0.3521,-1.2644,-2.7462,-1.4936,-1.9921,-0.3758,-1.6537,-2.912,-1.6668,-4.5908,-6.6045,-2.4001,-0.8172,-3.3365,-2.292,-0.3136,-2.3187,-6.3573,-7.3478,-7.3644,-8.7518,-2.7263,-7.9981,-7.6778,-7.7657,-7.3219,-2.9239,-7.5089,-6.0122
1977,-0.5676,-3.1575,-0.8431,-3.1076,-1.5015,-0.3544,-1.2515,-2.6442,-1.5713,-2.0034,-0.2966,-1.6256,-2.962,-1.5467,-4.4452,-6.3998,-2.3308,-0.7698,-3.2096,-2.2294,-0.3114,-2.3335,-6.0461,-7.3407,-7.3366,-8.6288,-2.7209,-7.9559,-7.5545,-7.5986,-7.3265,-3.1026,-7.4774,-5.8965
1978,-0.6157,-3.0619,-0.9106,-3.1197,-1.4585,-0.4362,-1.2635,-2.5344,-1.6619,-2.0267,-0.2939,-1.6349,-3.0302,-1.4284,-4.2378,-6.2377,-2.2952,-0.743,-3.0912,-2.1499,-0.324,-2.4089,-5.7352,-7.3294,-7.3226,-8.5052,-2.6829,-7.9094,-7.4382,-7.4277,-7.337,-3.2503,-7.432,-5.7925
1979,-0.6617,-2.9968,-0.9844,-3.1474,-1.4542,-0.5419,-1.2859,-2.4024,-1.7743,-2.0718,-0.3444,-1.623,-3.117,-1.2965,-3.9847,-6.1056,-2.2908,-0.7454,-3.0037,-2.0273,-0.3532,-2.5114,-5.4465,-7.3252,-7.3224,-8.3803,-2.6584,-7.8708,-7.3337,-7.2682,-7.349,-3.3824,-7.3722,-5.6992
1980,-0.7279,-2.9703,-1.058,-3.1773,-1.4902,-0.6464,-1.2861,-2.2497,-1.8639,-2.1487,-0.4205,-1.7455,-3.2312,-1.17,-3.6966,-6.0003,-2.3062,-0.7687,-2.9365,-1.8712,-0.3956,-2.6353,-5.2443,-7.3395,-7.3304,-8.2526,-2.6823,-7.8358,-7.2367,-7.133,-7.3743,-3.4999,-7.3111,-5.6165
1981,-0.857,-2.9777,-1.1355,-3.2142,-1.5581,-0.761,-1.2726,-2.0796,-1.9389,-2.2503,-0.5225,-1.8931,-3.3518,-1.0468,-3.3974,-5.9307,-2.3369,-0.8238,-2.8907,-1.7247,-0.4494,-2.7781,-5.1227,-7.3611,-7.336,-8.128,-2.7048,-7.8208,-7.1439,-7.0179,-7.4175,-3.5997,-7.2548,-5.5446
1982,-1.0406,-3.0037,-1.2175,-3.2695,-1.6499,-0.9019,-1.2803,-1.9104,-2.06,-2.3666,-0.6581,-1.8377,-3.4419,-0.9275,-3.0988,-5.8906,-2.3731,-0.9228,-2.9039,-1.6341,-0.5268,-2.9324,-5.1325,-7.383,-7.3327,-8.0129,-2.7287,-7.8414,-7.0586,-6.9117,-7.475,-3.7147,-7.1939,-5.4826
1983,-1.226,-3.0379,-1.2911,-3.3376,-1.7496,-1.0529,-1.3003,-1.761,-2.2001,-2.4612,-0.8374,-1.736,-3.4927,-0.8384,-2.8069,-5.8598,-2.4154,-1.0404,-2.9784,-1.5808,-0.6188,-3.0912,-5.2029,-7.4093,-7.3173,-7.9109,-2.7959,-7.8797,-6.9729,-6.8091,-7.5436,-3.839,-7.1246,-5.4319
1984,-1.3799,-3.0789,-1.3504,-3.4014,-1.8475,-1.1675,-1.3335,-1.6246,-2.3223,-2.5419,-1.029,-1.6022,-3.4887,-0.7703,-2.5142,-5.8031,-2.4828,-1.1657,-3.0638,-1.5237,-0.7239,-3.2458,-5.236,-7.437,-7.2881,-7.8252,-2.8808,-7.9071,-6.8826,-6.7056,-7.623,-3.9176,-7.0457,-5.3955
1985,-1.4859,-3.1223,-1.3933,-3.447,-1.9402,-1.2336,-1.3925,-1.4816,-2.405,-2.5976,-1.2003,-1.4195,-3.4497,-0.7131,-2.2149,-5.6908,-2.5608,-1.3056,-3.1248,-1.4383,-0.8401,-3.3931,-5.282,-7.4587,-7.2439,-7.7557,-2.9393,-7.9289,-6.7809,-6.5993,-7.7102,-3.9277,-6.9675,-5.3727
1986,-1.5709,-3.1677,-1.4227,-3.4833,-2.0289,-1.2935,-1.4896,-1.3478,-2.4303,-2.6209,-1.3667,-1.2118,-3.4154,-0.6531,-1.9153,-5.5545,-2.6335,-1.4678,-3.198,-1.3285,-0.9801,-3.5283,-5.3566,-7.4738,-7.1819,-7.6905,-2.9853,-7.9603,-6.662,-6.4986,-7.7886,-3.8862,-6.892,-5.3598
1987,-1.6682,-3.2232,-1.4624,-3.5275,-2.1261,-1.3596,-1.6147,-1.252,-2.4464,-2.6416,-1.5391,-1.0422,-3.3782,-0.6016,-1.6349,-5.4281,-2.7261,-1.6666,-3.3115,-1.2162,-1.1571,-3.6441,-5.4759,-7.4826,-7.0997,-7.6272,-3.0151,-7.9829,-6.5386,-6.4122,-7.8443,-3.8132,-6.8172,-5.3547
1988,-1.7805,-3.2896,-1.5152,-3.5861,-2.2412,-1.4562,-1.7446,-1.1745,-2.4622,-2.6865,-1.6254,-0.8923,-3.3134,-0.5759,-1.3803,-5.3521,-2.8299,-1.8937,-3.4309,-1.101,-1.3569,-3.7574,-5.6624,-7.481,-7.0,-7.573,-3.0042,-7.9809,-6.4235,-6.3449,-7.8686,-3.6473,-6.7444,-5.3549
1989,-1.9005,-3.3583,-1.5769,-3.6608,-2.3563,-1.5787,-1.8865,-1.1161,-2.4629,-2.7472,-1.6991,-0.7356,-3.2415,-0.5738,-1.1403,-5.3218,-2.9229,-2.1256,-3.5484,-0.9887,-1.5781,-3.8839,-5.8539,-7.4651,-6.8896,-7.5204,-2.9425,-7.9464,-6.3188,-6.2978,-7.845,-3.4531,-6.6698,-5.3577
1990,-2.0222,-3.4255,-1.6482,-3.7314,-2.4665,-1.6543,-2.027,-1.0556,-2.4702,-2.775,-1.8415,-0.5772,-3.1839,-0.597,-0.9107,-5.2909,-3.0184,-2.3516,-3.6761,-0.8878,-1.8082,-4.0088,-5.9977,-7.4334,-6.7732,-7.47,-2.8189,-7.8623,-6.2262,-6.2679,-7.766,-3.2935,-6.5823,-5.3611
1991,-2.1432,-3.4821,-1.704,-3.7736,-2.6067,-1.6532,-2.1646,-1.0261,-2.4579,-2.7458,-1.9604,-0.4412,-3.1583,-0.5633,-0.6639,-5.2327,-3.0888,-2.5734,-3.7636,-0.8026,-2.0173,-4.1111,-6.0117,-7.389,-6.6514,-7.428,-2.6122,-7.7324,-6.1554,-6.2362,-7.663,-3.1174,-6.4831,-5.3595
1992,-2.2543,-3.5169,-1.729,-3.7895,-2.7294,-1.6199,-2.296,-1.0566,-2.445,-2.6894,-2.0559,-0.3996,-3.15,-0.5451,-0.4178,-5.1619,-3.1289,-2.7822,-3.8299,-0.7726,-2.189,-4.1725,-5.8794,-7.3386,-6.527,-7.3891,-2.3206,-7.5583,-6.0958,-6.1908,-7.5973,-2.9457,-6.3881,-5.3388
1993,-2.3365,-3.5304,-1.7137,-3.7793,-2.7809,-1.5531,-2.4039,-1.0979,-2.4095,-2.6291,-2.1345,-0.3818,-3.1302,-0.5808,-0.2072,-5.1316,-3.1536,-2.9567,-3.9063,-0.7843,-2.2996,-4.1932,-5.7483,-7.2853,-6.4076,-7.3499,-2.0273,-7.416,-6.0359,-6.1361,-7.5721,-2.7717,-6.3072,-5.2939
1994,-2.3607,-3.5256,-1.6892,-3.7435,-2.7853,-1.4306,-2.4855,-1.1452,-2.308,-2.5678,-2.2,-0.3418,-3.1151,-0.5395,-0.0516,-5.1348,-3.1598,-3.082,-3.9652,-0.7968,-2.3502,-4.1914,-5.6178,-7.2245,-6.2959,-7.3081,-1.8218,-7.2172,-5.9861,-6.0655,-7.5537,-2.5954,-6.2429,-5.2291
1995,-2.3344,-3.5102,-1.6788,-3.6873,-2.7527,-1.2976,-2.5501,-1.1846,-2.1911,-2.5108,-2.2535,-0.318,-3.1045,-0.5557,0.0715,-5.131,-3.1473,-3.1814,-4.005,-0.819,-2.3424,-4.1671,-5.4158,-7.1595,-6.1958,-7.2555,-1.6269,-6.9783,-5.9561,-5.97,-7.5286,-2.397,-6.1814,-5.15
1996,-2.2596,-3.4732,-1.6362,-3.5963,-2.6812,-1.1493,-2.5837,-1.2255,-2.0276,-2.415,-2.2622,-0.2905,-3.0854,-0.6071,0.2429,-5.0858,-3.0843,-3.2623,-4.0072,-0.8466,-2.2654,-4.1068,-5.2165,-7.0934,-6.1079,-7.1872,-1.3565,-6.7882,-5.9426,-5.849,-7.4877,-2.1568,-6.114,-5.0542
1997,-2.1337,-3.4002,-1.5402,-3.4565,-2.566,-0.9803,-2.5532,-1.2847,-1.8367,-2.2791,-2.201,-0.2859,-3.0782,-0.5713,0.4326,-4.9668,-2.9834,-3.3136,-3.9587,-0.8695,-2.1364,-4.0082,-5.0423,-7.0259,-6.0289,-7.1079,-1.077,-6.6126,-5.9402,-5.705,-7.4283,-1.9174,-6.0438,-4.9415
1998,-1.9823,-3.3006,-1.4177,-3.2852,-2.42,-0.7473,-2.4783,-1.3362,-1.6546,-2.1697,-2.1095,-0.3061,-3.1046,-0.4885,0.5861,-4.8194,-2.8849,-3.3373,-3.8634,-0.8735,-1.9718,-3.8949,-4.8794,-6.9604,-5.9567,-7.0219,-0.9001,-6.477,-5.9396,-5.5334,-7.3464,-1.7055,-5.9673,-4.82
1999,-1.8364,-3.1902,-1.3343,-3.1145,-2.2785,-0.5282,-2.3701,-1.4058,-1.4338,-2.09,-2.0448,-0.3427,-3.1582,-0.4068,0.6725,-4.6712,-2.7874,-3.3213,-3.7306,-0.8849,-1.7891,-3.7882,-4.739,-6.8909,-5.8797,-6.9261,-0.7952,-6.3586,-5.9292,-5.3251,-7.2278,-1.5356,-5.8852,-4.6903
2000,-1.7553,-3.085,-1.3429,-2.9577,-2.1677,-0.4461,-2.2467,-1.5039,-1.2214,-2.0916,-2.0299,-0.4145,-3.2295,-0.4215,0.7019,-4.5082,-2.7149,-3.2873,-3.582,-0.9145,-1.6563,-3.6916,-4.595,-6.8202,-5.7915,-6.8322,-0.7092,-6.2367,-5.908,-5.1099,-7.0498,-1.424,-5.7996,-4.5557
2001,-1.7096,-2.9838,-1.3939,-2.795,-2.0559,-0.4208,-2.1176,-1.6349,-1.0186,-2.153,-2.0075,-0.5279,-3.3028,-0.4849,0.7637,-4.3161,-2.63,-3.221,-3.4279,-0.9779,-1.5736,-3.5787,-4.4623,-6.7564,-5.6926,-6.748,-0.6475,-6.1026,-5.8755,-4.9188,-6.8265,-1.3137,-5.7119,-4.4238
2002,-1.6687,-2.8726,-1.4146,-2.6082,-1.9336,-0.3707,-1.9384,-1.8217,-0.8081,-2.1639,-1.9381,-0.6162,-3.3585,-0.554,0.8499,-4.0556,-2.4873,-3.1037,-3.2873,-1.0592,-1.4722,-3.4292,-4.3204,-6.6911,-5.5809,-6.6672,-0.6495,-5.9941,-5.8369,-4.7444,-6.601,-1.1996,-5.6247,-4.2976
2003,-1.6367,-2.7568,-1.4018,-2.4102,-1.812,-0.2828,-1.7333,-2.0077,-0.6338,-2.125,-1.8566,-0.6705,-3.3996,-0.6464,0.9179,-3.762,-2.3175,-2.9733,-3.1718,-1.1032,-1.3613,-3.2613,-4.1634,-6.6173,-5.4519,-6.5833,-0.7552,-5.9252,-5.8012,-4.5793,-6.3892,-1.1209,-5.5367,-4.1711
2004,-1.5892,-2.6459,-1.3875,-2.2205,-1.6885,-0.1736,-1.5288,-2.1728,-0.4844,-2.0817,-1.8018,-0.7381,-3.4425,-0.7435,0.9425,-3.4698,-2.1229,-2.8272,-3.0486,-1.1197,-1.2558,-3.0942,-4.0357,-6.531,-5.3111,-6.4886,-0.8731,-5.9028,-5.7768,-4.4185,-6.1901,-1.0695,-5.447,-4.0461
2005,-1.5456,-2.5489,-1.3994,-2.0411,-1.5723,-0.0976,-1.3089,-2.3242,-0.3497,-2.0506,-1.7885,-0.8216,-3.5227,-0.8101,0.9286,-3.1472,-1.907,-2.6592,-2.9053,-1.1164,-1.1584,-2.9313,-3.9158,-6.4263,-5.1693,-6.3791,-0.9726,-5.9265,-5.7641,-4.2514,-6.008,-1.0507,-5.3541,-3.9243
2006,-1.4786,-2.4682,-1.4218,-1.863,-1.4573,0.0262,-1.0839,-2.465,-0.2111,-2.0227,-1.7819,-0.9206,-3.6194,-0.8348,0.9267,-2.8309,-1.6561,-2.4892,-2.7583,-1.112,-1.0828,-2.7573,-3.8032,-6.3053,-5.0275,-6.2587,-1.0542,-5.9929,-5.7513,-4.0738,-5.8456,-1.0323,-5.2595,-3.8032
2007,-1.3599,-2.3983,-1.437,-1.6831,-1.3601,0.1861,-0.8728,-2.5955,-0.0739,-1.9822,-1.7527,-1.0071,-3.6729,-0.862,0.9407,-2.547,-1.3813,-2.3341,-2.6215,-1.0927,-1.0115,-2.5732,-3.6774,-6.1754,-4.8819,-6.1345,-1.1404,-6.0929,-5.7361,-3.8896,-5.7031,-1.0039,-5.1683,-3.6962
2008,-1.2191,-2.3407,-1.4429,-1.5058,-1.2915,0.2934,-0.6842,-2.6756,0.0357,-1.9134,-1.6988,-1.0915,-3.6666,-0.8751,0.9612,-2.2789,-1.125,-2.193,-2.4847,-1.0363,-0.9307,-2.3783,-3.5146,-6.0452,-4.7308,-6.0089,-1.2601,-6.2265,-5.7171,-3.6983,-5.5744,-1.0005,-5.0656,-3.6066
2009,-1.0765,-2.2825,-1.4426,-1.3334,-1.221,0.3531,-0.5002,-2.6751,0.1256,-1.835,-1.6471,-1.1854,-3.6179,-0.8566,0.9553,-2.039,-0.8914,-2.0459,-2.3359,-0.9502,-0.8547,-2.1718,-3.3744,-5.9189,-4.5719,-5.8867,-1.3474,-6.3499,-5.6901,-3.4991,-5.4461,-0.9763,-4.9428,-3.5251
2010,-0.9495,-2.1942,-1.4507,-1.1646,-1.1604,0.3644,-0.3103,-2.6282,0.2116,-1.758,-1.6147,-1.2454,-3.5688,-0.8096,0.9079,-1.8237,-0.6819,-1.8967,-2.1736,-0.837,-0.7968,-1.9599,-3.2542,-5.7944,-4.4062,-5.7675,-1.3882,-6.4302,-5.6486,-3.2688,-5.3139,-1.0248,-4.8137,-3.4419
2011,-0.8309,-2.0886,-1.4339,-0.9985,-1.1125,0.3808,-0.106,-2.5513,0.2993,-1.6649,-1.5781,-1.2602,-3.4895,-0.7342,0.8499,-1.6082,-0.4737,-1.7503,-1.9731,-0.7509,-0.7391,-1.7354,-3.1323,-5.6727,-4.242,-5.6504,-1.431,-6.4943,-5.594,-3.012,-5.1905,-1.1128,-4.6995,-3.3476
2012,-0.6909,-2.0014,-1.3779,-0.8268,-1.0452,0.4849,0.0958,-2.4035,0.3983,-1.5452,-1.5128,-1.2301,-3.3263,-0.6421,0.816,-1.3778,-0.247,-1.609,-1.7292,-0.6647,-0.6701,-1.5057,-2.981,-5.5541,-4.083,-5.5335,-1.4859,-6.5128,-5.5291,-2.7536,-5.0898,-1.0891,-4.6084,-3.2347
2013,-0.5462,-1.923,-1.2929,-0.6403,-0.9738,0.6,0.2761,-2.1817,0.4997,-1.396,-1.4164,-1.1567,-3.1047,-0.5381,0.8165,-1.1337,-0.0153,-1.4619,-1.495,-0.5195,-0.6122,-1.2831,-2.7535,-5.4339,-3.9295,-5.4121,-1.4906,-6.457,-5.4457,-2.4871,-5.0167,-1.0071,-4.5258,-3.1043
2014,-0.4625,-1.8361,-1.1851,-0.4414,-0.9095,0.5858,0.4174,-1.9129,0.59,-1.2321,-1.3222,-1.0469,-2.8708,-0.4176,0.8068,-0.8768,0.1999,-1.2934,-1.3161,-0.3481,-0.5783,-1.0755,-2.5162,-5.2994,-3.7796,-5.2813,-1.4245,-6.4267,-5.3396,-2.21,-4.9655,-0.9016,-4.4686,-2.9691
2015,-0.439,-1.7496,-1.0582,-0.251,-0.845,0.4731,0.5018,-1.6651,0.6884,-1.0458,-1.2343,-0.901,-2.6427,-0.2592,0.7608,-0.5892,0.3892,-1.1226,-1.1982,-0.162,-0.5592,-0.8897,-2.3036,-5.1596,-3.6289,-5.135,-1.367,-6.4521,-5.2025,-1.9265,-4.9277,-0.79,-4.4336,-2.831
2016,-0.4024,-1.6724,-0.9052,-0.0942,-0.792,0.3476,0.546,-1.4315,0.7611,-0.838,-1.1379,-0.7658,-2.4193,-0.0876,0.6488,-0.2719,0.5426,-0.9575,-1.1312,0.0305,-0.5744,-0.7289,-2.1033,-5.0322,-3.4726,-4.9721,-1.3431,-6.4368,-5.0308,-1.6396,-4.9021,-0.6777,-4.3798,-2.6985
2017,-0.3146,-1.5927,-0.7513,0.0324,-0.745,0.2781,0.552,-1.1615,0.8353,-0.6563,-1.0399,-0.6398,-2.2022,0.0917,0.5244,0.0409,0.664,-0.8032,-1.0795,0.2188,-0.6217,-0.5952,-1.8613,-4.9054,-3.3116,-4.7951,-1.2867,-6.2957,-4.8297,-1.3434,-4.871,-0.5564,-4.3036,-2.5753
2018,-0.1989,-1.5076,-0.6233,0.1393,-0.6946,0.2287,0.5326,-0.8714,0.9182,-0.4888,-0.9352,-0.5006,-2.0009,0.2781,0.4618,0.3591,0.761,-0.6591,-1.0144,0.3844,-0.6804,-0.4789,-1.4962,-4.779,-3.1495,-4.6115,-1.1486,-6.0754,-4.6156,-1.0339,-4.817,-0.4273,-4.1961,-2.4589
2019,-0.1531,-1.4067,-0.5144,0.231,-0.6417,0.164,0.4943,-0.5549,0.9628,-0.3223,-0.8315,-0.3576,-1.8059,0.4592,0.43,0.6951,0.8312,-0.5408,-0.9413,0.5374,-0.7538,-0.362,-1.0879,-4.6625,-2.9798,-4.4333,-0.9525,-5.8738,-4.3999,-0.7252,-4.7261,-0.3008,-3.9606,-2.3299
2020,-0.1569,-1.282,-0.3642,0.3231,-0.5691,0.1429,0.443,-0.2457,0.9923,-0.1497,-0.7405,-0.2045,-1.5909,0.6782,0.406,1.0886,0.9061,-0.438,-0.8788,0.7182,-0.7945,-0.2221,-0.6971,-4.5487,-2.7925,-4.2852,-0.7173,-5.7138,-4.1888,-0.4303,-4.5663,-0.1646,-3.6048,-2.1388
2021,-0.1481,-1.1955,-0.1983,0.3909,-0.5185,0.174,0.3731,0.0671,0.9176,0.0098,-0.645,0.0347,-1.3789,0.8752,0.2986,1.5144,0.9264,-0.3532,-0.7995,0.9231,-0.824,-0.1095,-0.2879,-4.4455,-2.609,-4.1603,-0.4904,-5.6088,-3.9897,-0.1435,-4.3657,-0.0062,-3.2237,-1.9044
2022,-0.0663,-1.1681,-0.0528,0.383,-0.4356,0.2909,0.2662,0.4051,0.8612,0.1083,-0.5547,0.345,-1.1679,1.0476,0.144,1.8547,0.8519,-0.311,-0.711,1.0955,-0.88,-0.0713,0.1783,-4.3393,-2.4184,-4.0221,-0.2491,-5.548,-3.779,0.1387,-4.1721,0.1715,-2.8827,-1.6917
2023,0.1024,-1.1611,0.0982,0.3253,-0.2929,0.4726,0.1642,0.6886,0.8685,0.1618,-0.4849,0.6026,-0.9479,1.2445,0.0152,2.1445,0.765,-0.2976,-0.6519,1.1831,-0.9221,-0.0642,0.6907,-4.2164,-2.2049,-3.8662,0.0736,-5.4843,-3.5529,0.4091,-3.9956,0.3482,-2.5939,-1.4948
2024,0.2902,-1.1628,0.2388,0.273,-0.1605,0.6426,0.0616,0.9401,0.7918,0.2055,-0.4414,0.8814,-0.7581,1.4434,-0.0348,2.4491,0.702,-0.3105,-0.6107,1.221,-0.9561,-0.0626,1.1658,-4.101,-2.004,-3.7045,0.4196,-5.3908,-3.3291,0.6657,-3.8414,0.5442,-2.3246,-1.3031
2025,0.5276,-1.1698,0.3598,0.2247,-0.0359,0.8835,-0.0706,1.1913,0.6499,0.2315,-0.4128,1.1356,-0.6023,1.6412,0.0222,2.7527,0.6566,-0.3389,-0.5823,1.2394,-0.9941,-0.0699,1.5405,-3.9995,-1.8201,-3.5482,0.751,-5.281,-3.1114,0.9006,-3.6999,0.7604,-2.079,-1.1351
2026,0.7814,-1.189,0.4409,0.1542,0.0944,1.1562,-0.196,1.4346,0.4644,0.1996,-0.3866,1.3065,-0.456,1.8064,-0.0435,3.045,0.5609,-0.366,-0.5773,1.2463,-1.014,-0.1169,1.8396,-3.9011,-1.6412,-3.3983,0.9869,-5.1521,-2.9043,1.1013,-3.5714,0.904,-1.856,-0.997
2027,0.9597,-1.2291,0.4781,0.0451,0.2205,1.3432,-0.3177,1.6591,0.2494,0.0981,-0.419,1.4592,-0.3407,1.922,-0.2386,3.2509,0.4036,-0.3966,-0.5995,1.2618,-1.0306,-0.2148,2.0935,-3.8021,-1.4669,-3.2521,1.0937,-5.0262,-2.7075,1.2692,-3.453,0.9554,-1.6592,-0.8723
2028,1.0776,-1.2723,0.4784,-0.0844,0.3383,1.4597,-0.436,1.8298,0.0173,-0.0498,-0.4869,1.5884,-0.2625,2.0043,-0.4174,3.3851,0.2491,-0.4253,-0.6274,1.2519,-1.0633,-0.3361,2.3224,-3.7002,-1.2979,-3.1112,1.1611,-4.9101,-2.5163,1.4074,-3.3369,0.9737,-1.4798,-0.7575
2029,1.1852,-1.3052,0.4533,-0.211,0.4618,1.5231,-0.5231,1.9799,-0.2061,-0.2186,-0.5226,1.6996,-0.1913,2.0634,-0.5476,3.5031,0.1162,-0.4385,-0.6531,1.219,-1.0847,-0.4618,2.5349,-3.5997,-1.1407,-2.9747,1.1729,-4.7826,-2.329,1.5133,-3.2286,0.9779,-1.3094,-0.6635
2030,1.2878,-1.3364,0.4175,-0.3378,0.5781,1.5394,-0.5848,2.1365,-0.4051,-0.3986,-0.5335,1.7829,-0.1234,2.1097,-0.6322,3.5772,0.0056,-0.4456,-0.6826,1.174,-1.0759,-0.585,2.6945,-3.5047,-0.9962,-2.845,1.1523,-4.6499,-2.1548,1.5866,-3.1263,0.9711,-1.149,-0.5856
2031,1.3769,-1.3653,0.3734,-0.4705,0.6875,1.5367,-0.6335,2.2723,-0.5725,-0.5738,-0.5399,1.8478,-0.0675,2.1452,-0.6982,3.6337,-0.0941,-0.4488,-0.7185,1.1107,-1.0485,-0.7157,2.8171,-3.4065,-0.8582,-2.7213,1.1279,-4.5154,-2.0012,1.6287,-3.0226,0.9573,-0.9991,-0.5211
2032,1.4406,-1.3933,0.3116,-0.6154,0.7798,1.5077,-0.679,2.36,-0.731,-0.7419,-0.555,1.8957,-0.0436,2.1697,-0.7141,3.6409,-0.2007,-0.4551,-0.7605,1.0461,-1.0237,-0.8605,2.873,-3.3026,-0.7253,-2.602,1.0679,-4.3857,-1.8644,1.6435,-2.9147,0.9406,-0.8596,-0.4577
2033,1.4676,-1.4243,0.2156,-0.7713,0.843,1.4397,-0.7397,2.4005,-0.8787,-0.9224,-0.5993,1.9228,-0.0473,2.167,-0.6859,3.6052,-0.3235,-0.4725,-0.8104,0.9756,-1.0171,-1.0196,2.8714,-3.1933,-0.5978,-2.4902,0.9978,-4.2588,-1.7372,1.6347,-2.801,0.9281,-0.7269,-0.394
2034,1.4617,-1.4565,0.0905,-0.9304,0.8789,1.3306,-0.8012,2.4124,-1.0137,-1.1183,-0.6562,1.9181,-0.0596,2.1218,-0.6393,3.5473,-0.4487,-0.4939,-0.8698,0.8928,-1.0145,-1.1848,2.898,-3.0756,-0.4775,-2.3834,0.9051,-4.1252,-1.6186,1.6012,-2.6823,0.926,-0.5959,-0.3352
2035,1.4195,-1.4921,-0.0515,-1.0847,0.8853,1.1852,-0.8585,2.3948,-1.1459,-1.3195,-0.7001,1.8636,-0.0768,2.028,-0.6034,3.3946,-0.5672,-0.519,-0.9391,0.7835,-1.0091,-1.3419,2.9508,-2.9498,-0.3643,-2.2794,0.796,-3.9875,-1.5151,1.5457,-2.5593,0.9365,-0.4649,-0.2779
2036,1.3285,-1.5343,-0.2014,-1.2327,0.8633,1.0124,-0.9309,2.338,-1.273,-1.521,-0.7538,1.7716,-0.1077,1.8957,-0.5714,3.1927,-0.6854,-0.5545,-1.0186,0.6575,-1.018,-1.4936,3.0178,-2.8164,-0.2549,-2.1786,0.6804,-3.8495,-1.4276,1.4728,-2.4262,0.9629,-0.3326,-0.2211
2037,1.1971,-1.5818,-0.3603,-1.3805,0.8062,0.8079,-1.0084,2.232,-1.3881,-1.7154,-0.8299,1.6583,-0.1605,1.7424,-0.5287,2.9969,-0.8082,-0.5941,-1.106,0.5279,-1.0431,-1.643,3.0114,-2.6759,-0.1502,-2.081,0.5582,-3.7158,-1.3507,1.3814,-2.2837,1.0061,-0.1982,-0.1637
2038,1.0357,-1.6326,-0.5343,-1.5257,0.7119,0.5724,-1.0866,2.0789,-1.4739,-1.9043,-0.9356,1.5231,-0.2289,1.5538,-0.5113,2.7888,-0.9362,-0.6345,-1.2008,0.3816,-1.0754,-1.7857,2.895,-2.5296,-0.0515,-1.9895,0.4452,-3.5866,-1.2766,1.2701,-2.1365,1.0666,-0.0629,-0.1071
2039,0.8436,-1.6808,-0.7278,-1.6561,0.5794,0.2986,-1.1652,1.8842,-1.5424,-2.1036,-1.0457,1.36,-0.3041,1.3209,-0.53,2.5619,-1.0735,-0.684,-1.2973,0.2219,-1.1171,-1.9181,2.821,-2.3742,0.042,-1.9016,0.3303,-3.4583,-1.2056,1.1409,-1.9832,1.1449,0.0698,-0.051
2040,0.6311,-1.725,-0.922,-1.7637,0.4198,0.0042,-1.2474,1.6638,-1.6051,-2.2966,-1.1356,1.1651,-0.3831,1.0439,-0.5841,2.2825,-1.2045,-0.7331,-1.3896,0.0449,-1.163,-2.0292,2.8395,-2.2099,0.1319,-1.8118,0.2152,-3.3304,-1.1444,1.0038,-1.8251,1.2446,0.197,0.0102
2041,0.3999,-1.7733,-1.1041,-1.8491,0.2437,-0.3022,-1.3535,1.4231,-1.6644,-2.478,-1.23,0.9455,-0.4708,0.7485,-0.6282,1.9716,-1.3257,-0.7845,-1.4819,-0.1489,-1.2173,-2.12,2.8822,-2.0402,0.2207,-1.7212,0.1041,-3.2081,-1.0927,0.8688,-1.6597,1.3665,0.3157,0.0795
2042,0.1493,-1.8251,-1.2747,-1.9184,0.0485,-0.6151,-1.4645,1.158,-1.7156,-2.6401,-1.3403,0.7042,-0.5631,0.4357,-0.6977,1.7009,-1.4423,-0.8415,-1.5755,-0.3413,-1.2864,-2.1907,2.8324,-1.8675,0.3073,-1.632,0.0197,-3.0925,-1.0443,0.7316,-1.488,1.5061,0.4232,0.1489
2043,-0.114,-1.8735,-1.4358,-1.9763,-0.1696,-0.9226,-1.5672,0.8737,-1.7488,-2.7875,-1.462,0.4543,-0.6539,0.0948,-0.8329,1.4517,-1.5494,-0.8995,-1.6626,-0.532,-1.3592,-2.2373,2.5805,-1.6948,0.3907,-1.5461,-0.031,-2.983,-0.9943,0.5851,-1.3132,1.6537,0.5194,0.2146
2044,-0.3793,-1.9108,-1.5981,-2.0164,-0.4096,-1.2279,-1.6663,0.5561,-1.7595,-2.9394,-1.5772,0.201,-0.7506,-0.2615,-0.9962,1.2128,-1.6574,-0.9675,-1.731,-0.7382,-1.4392,-2.2685,2.2782,-1.52,0.472,-1.461,-0.0699,-2.8793,-0.9438,0.4335,-1.1308,1.7984,0.6076,0.2831
2045,-0.6268,-1.9355,-1.747,-2.0267,-0.646,-1.5052,-1.7646,0.2262,-1.7505,-3.0745,-1.6688,-0.0733,-0.8539,-0.6303,-1.2099,0.9863,-1.7533,-1.0364,-1.7743,-0.9573,-1.5246,-2.2804,2.0591,-1.3406,0.5522,-1.3715,-0.0983,-2.7772,-0.8978,0.2882,-0.943,1.9342,0.6931,0.3592
2046,-0.8497,-1.9577,-1.8679,-2.0026,-0.8701,-1.757,-1.8841,-0.1065,-1.7351,-3.1922,-1.744,-0.3709,-0.9575,-0.995,-1.3884,0.7621,-1.8222,-1.104,-1.7995,-1.1821,-1.613,-2.2663,1.8719,-1.1605,0.6306,-1.2803,-0.1201,-2.6806,-0.8552,0.1586,-0.7526,2.0547,0.7805,0.4433
2047,-1.0541,-1.978,-1.9632,-1.9506,-1.0816,-1.9786,-1.9955,-0.4481,-1.7076,-3.2935,-1.8205,-0.6875,-1.0554,-1.345,-1.6024,0.5534,-1.8682,-1.1737,-1.8147,-1.4089,-1.6986,-2.2285,1.7268,-0.9835,0.7041,-1.1916,-0.1322,-2.5912,-0.8125,0.0377,-0.5623,2.1523,0.8749,0.5243
2048,-1.2381,-1.9963,-2.0339,-1.8841,-1.2755,-2.1477,-2.0554,-0.7792,-1.6525,-3.3714,-1.8955,-1.007,-1.1462,-1.6824,-1.9197,0.321,-1.8877,-1.2402,-1.8244,-1.6267,-1.7528,-2.1719,1.5719,-0.8125,0.7714,-1.107,-0.1356,-2.5089,-0.7704,-0.085,-0.3746,2.2189,0.9758,0.6011
2049,-1.4006,-2.0138,-2.0902,-1.8121,-1.4568,-2.2784,-2.0745,-1.1068,-1.5714,-3.4403,-1.9543,-1.3182,-1.2454,-1.9983,-2.2418,0.0626,-1.8998,-1.3055,-1.8263,-1.8447,-1.7714,-2.114,1.4004,-0.6466,0.8326,-1.0222,-0.1492,-2.4345,-0.7298,-0.207,-0.1895,2.247,1.0772,0.6794
2050,-1.5318,-2.0345,-2.1366,-1.7398,-1.6161,-2.3675,-2.0778,-1.4377,-1.4839,-3.4963,-1.9798,-1.6231,-1.3632,-2.2892,-2.5732,-0.1673,-1.905,-1.3542,-1.8181,-2.0732,-1.7761,-2.0657,1.2887,-0.4844,0.8844,-0.9317,-0.1967,-2.3655,-0.6906,-0.3159,-0.0133,2.2329,1.1737,0.7605
2051,-1.6283,-2.0677,-2.172,-1.6696,-1.759,-2.4269,-2.0841,-1.767,-1.4023,-3.5419,-1.9836,-1.9156,-1.4865,-2.5639,-2.9134,-0.3678,-1.8896,-1.3881,-1.8065,-2.3195,-1.7828,-2.0172,1.2141,-0.3287,0.9218,-0.841,-0.2646,-2.3068,-0.6498,-0.4015,0.1474,2.1735,1.2594,0.8443
2052,-1.6987,-2.1029,-2.1962,-1.5982,-1.889,-2.4533,-2.091,-2.0915,-1.3153,-3.5918,-1.9845,-2.1841,-1.6006,-2.8167,-3.2576,-0.5392,-1.8523,-1.4204,-1.7879,-2.5788,-1.7882,-1.9575,1.1715,-0.1817,0.9414,-0.756,-0.3337,-2.2595,-0.6066,-0.4709,0.2921,2.067,1.3294,0.9211
2053,-1.7369,-2.1264,-2.2029,-1.5254,-1.9988,-2.4265,-2.0826,-2.4034,-1.2145,-3.6302,-1.9679,-2.4275,-1.7076,-3.0348,-3.6102,-0.6793,-1.7786,-1.4422,-1.7573,-2.8187,-1.7757,-1.8874,1.1694,-0.0447,0.9443,-0.6747,-0.4153,-2.2235,-0.5673,-0.5371,0.4217,1.9136,1.3799,0.9893
2054,-1.7586,-2.138,-2.1945,-1.4577,-2.0981,-2.3765,-2.0597,-2.7061,-1.1282,-3.6471,-1.9315,-2.6594,-1.8246,-3.2243,-3.9494,-0.8173,-1.6761,-1.4536,-1.7168,-3.046,-1.7545,-1.8208,1.2044,0.0816,0.9346,-0.5933,-0.5108,-2.2002,-0.5318,-0.5984,0.5376,1.7155,1.4106,1.0528
2055,-1.7856,-2.1435,-2.1738,-1.402,-2.1913,-2.3309,-2.0344,-3.0063,-1.0811,-3.6419,-1.8908,-2.8793,-1.9561,-3.3841,-4.2322,-0.9302,-1.5641,-1.454,-1.6623,-3.2742,-1.7352,-1.7648,1.2935,0.1982,0.9127,-0.5079,-0.637,-2.1854,-0.4957,-0.6473,0.6366,1.4768,1.4235,1.1101
2056,-1.8096,-2.151,-2.1473,-1.3614,-2.2828,-2.3036,-1.9887,-3.2864,-1.0651,-3.6135,-1.8393,-3.086,-2.0812,-3.5059,-4.4476,-0.9988,-1.4539,-1.4388,-1.5987,-3.4948,-1.7047,-1.717,1.4027,0.3045,0.8742,-0.4234,-0.7679,-2.1812,-0.456,-0.6793,0.708,1.2028,1.421,1.1573
2057,-1.8281,-2.1667,-2.1272,-1.3351,-2.3798,-2.2954,-1.9156,-3.5356,-1.0711,-3.5842,-1.7729,-3.2669,-2.1828,-3.588,-4.6106,-1.0625,-1.3513,-1.4196,-1.5391,-3.7061,-1.6663,-1.6871,1.5029,0.3997,0.8189,-0.3468,-0.8912,-2.1903,-0.4142,-0.7054,0.7525,0.8996,1.4053,1.185
2058,-1.8482,-2.1936,-2.1141,-1.3236,-2.4781,-2.2955,-1.8407,-3.7547,-1.0945,-3.5486,-1.7036,-3.4221,-2.2682,-3.6296,-4.7402,-1.1255,-1.2554,-1.4114,-1.4921,-3.8718,-1.6248,-1.6739,1.6219,0.4842,0.7497,-0.2752,-1.0413,-2.2129,-0.3795,-0.7387,0.776,0.5721,1.3771,1.1926
2059,-1.8776,-2.2301,-2.1081,-1.3291,-2.5784,-2.3046,-1.768,-3.9316,-1.1226,-3.5076,-1.6518,-3.553,-2.3599,-3.6346,-4.8402,-1.2049,-1.1726,-1.4126,-1.4616,-3.9873,-1.5886,-1.6745,1.7261,0.555,0.6705,-0.208,-1.209,-2.2461,-0.3531,-0.7781,0.7786,0.2267,1.3401,1.1809
2060,-1.9329,-2.2767,-2.1117,-1.3523,-2.6889,-2.3384,-1.6947,-4.0787,-1.1514,-3.4872,-1.6431,-3.6483,-2.4608,-3.6085,-4.9019,-1.3317,-1.1164,-1.4237,-1.4439,-4.0699,-1.5806,-1.6944,1.7673,0.6107,0.5837,-0.1461,-1.4057,-2.2848,-0.3235,-0.8182,0.7589,-0.1311,1.2977,1.146
2061,-2.019,-2.3367,-2.1201,-1.3905,-2.8074,-2.3965,-1.6171,-4.1803,-1.1865,-3.4665,-1.6508,-3.7102,-2.5385,-3.5669,-4.9222,-1.4829,-1.0865,-1.4437,-1.4384,-4.1215,-1.589,-1.7244,1.7476,0.6547,0.4876,-0.0925,-1.5845,-2.3278,-0.2846,-0.8537,0.709,-0.4952,1.2531,1.0845
2062,-2.1227,-2.41,-2.129,-1.4406,-2.9287,-2.4655,-1.5455,-4.2288,-1.2431,-3.4359,-1.6496,-3.7327,-2.5742,-3.5106,-4.9142,-1.6484,-1.0718,-1.4772,-1.4522,-4.1567,-1.6023,-1.7586,1.6589,0.6877,0.3855,-0.0501,-1.7412,-2.3754,-0.2422,-0.8872,0.6349,-0.8591,1.21,0.9958
2063,-2.231,-2.4928,-2.1386,-1.5024,-3.0486,-2.5424,-1.4902,-4.2441,-1.3337,-3.3892,-1.6342,-3.7228,-2.5788,-3.4452,-4.8949,-1.8019,-1.0677,-1.5282,-1.4847,-4.1703,-1.6289,-1.798,1.5616,0.7097,0.2823,-0.0131,-1.926,-2.4259,-0.2069,-0.922,0.5495,-1.2145,1.17,0.8831
2064,-2.3424,-2.5801,-2.1464,-1.5769,-3.163,-2.6193,-1.4533,-4.2229,-1.4338,-3.3282,-1.6233,-3.6687,-2.5565,-3.3754,-4.867,-1.9109,-1.0799,-1.584,-1.5317,-4.1583,-1.6682,-1.8417,1.4666,0.7185,0.1811,0.0166,-2.1036,-2.4757,-0.1781,-0.9543,0.4541,-1.5491,1.1301,0.7433
2065,-2.4544,-2.6675,-2.1556,-1.6639,-3.2735,-2.7006,-1.442,-4.1768,-1.5238,-3.2786,-1.6479,-3.5586,-2.5176,-3.2941,-4.8173,-1.9958,-1.1183,-1.6503,-1.5929,-4.1104,-1.7305,-1.8958,1.2851,0.7152,0.0843,0.0321,-2.2746,-2.5206,-0.1425,-0.9851,0.3509,-1.856,1.0861,0.5703
2066,-2.5661,-2.75,-2.173,-1.7551,-3.3808,-2.7867,-1.4498,-4.1091,-1.5963,-3.2273,-1.6876,-3.4153,-2.4562,-3.208,-4.743,-2.0924,-1.1811,-1.7285,-1.6661,-4.0349,-1.8105,-1.9527,1.0608,0.7029,-0.0107,0.0361,-2.4286,-2.5565,-0.0955,-1.0184,0.2342,-2.1285,1.0339,0.363
2067,-2.6804,-2.8245,-2.1988,-1.8444,-3.4833,-2.8763,-1.481,-4.0268,-1.6602,-3.1762,-1.715,-3.2492,-2.364,-3.1166,-4.656,-2.2176,-1.2646,-1.8156,-1.7491,-3.9555,-1.8968,-2.0033,0.8392,0.6821,-0.1012,0.0336,-2.5453,-2.5859,-0.0445,-1.0551,0.1094,-2.3594,0.9699,0.1324
2068,-2.8023,-2.8949,-2.2329,-1.9348,-3.5806,-2.9778,-1.5405,-3.9384,-1.7401,-3.1357,-1.7128,-3.0842,-2.2653,-3.0503,-4.5599,-2.3733,-1.365,-1.9183,-1.8391,-3.8723,-1.9997,-2.0549,0.6079,0.6558,-0.1846,0.0276,-2.6135,-2.6092,-0.0009,-1.0958,-0.013,-2.5433,0.8951,-0.1126
2069,-2.9265,-2.9666,-2.2678,-2.0351,-3.664,-3.0738,-1.6261,-3.8382,-1.8315,-3.0895,-1.7202,-2.9351,-2.1655,-3.0059,-4.4587,-2.5604,-1.4772,-2.0296,-1.9345,-3.7837,-2.115,-2.1103,0.3658,0.6217,-0.2627,0.0128,-2.6335,-2.6233,0.0347,-1.1414,-0.1357,-2.6785,0.8113,-0.3746
2070,-3.0396,-3.0371,-2.3036,-2.1481,-3.7319,-3.16,-1.732,-3.7282,-1.9234,-3.0461,-1.7602,-2.7821,-2.0647,-2.9668,-4.3499,-2.7852,-1.6058,-2.1462,-2.0369,-3.6932,-2.2332,-2.1726,0.0671,0.5783,-0.3366,-0.0184,-2.6286,-2.6304,0.0708,-1.2042,-0.2577,-2.7745,0.7175,-0.6576
2071,-3.1437,-3.095,-2.3433,-2.2602,-3.7851,-3.2176,-1.8357,-3.6129,-2.0026,-2.9975,-1.81,-2.6282,-1.9609,-2.9387,-4.2438,-3.0511,-1.7411,-2.2596,-2.139,-3.6127,-2.338,-2.2323,-0.1654,0.5289,-0.4102,-0.0595,-2.5677,-2.6261,0.1059,-1.2927,-0.3852,-2.8387,0.6121,-0.9591
2072,-3.2351,-3.1359,-2.3792,-2.3629,-3.8224,-3.2388,-1.9483,-3.5036,-2.0754,-2.947,-1.866,-2.4896,-1.8631,-2.9158,-4.1508,-3.3599,-1.8759,-2.3619,-2.2272,-3.5439,-2.423,-2.2757,-0.2438,0.4737,-0.4817,-0.1017,-2.4389,-2.6114,0.1378,-1.3936,-0.5149,-2.8708,0.494,-1.2537
2073,-3.3107,-3.1664,-2.4098,-2.4592,-3.8345,-3.2446,-2.0728,-3.4028,-2.1433,-2.9147,-1.9091,-2.3508,-1.7855,-2.8962,-4.0673,-3.6995,-2.021,-2.454,-2.2925,-3.4832,-2.4969,-2.308,-0.2885,0.4142,-0.5523,-0.1438,-2.2667,-2.5886,0.1646,-1.4864,-0.6388,-2.8648,0.3666,-1.5294
2074,-3.3655,-3.1933,-2.4262,-2.5552,-3.8142,-3.2286,-2.1997,-3.2997,-2.2014,-2.8787,-1.9442,-2.2267,-1.7224,-2.8755,-4.0097,-4.048,-2.1702,-2.5334,-2.335,-3.4253,-2.5555,-2.3327,-0.326,0.3484,-0.6251,-0.1893,-2.0705,-2.5564,0.1855,-1.5642,-0.7621,-2.8191,0.2335,-1.7932
2075,-3.3897,-3.2154,-2.4343,-2.6537,-3.7755,-3.1961,-2.3317,-3.2039,-2.2496,-2.8562,-1.9774,-2.1322,-1.6752,-2.8651,-3.9725,-4.4028,-2.3111,-2.6085,-2.364,-3.3777,-2.5822,-2.3538,-0.3769,0.2725,-0.7024,-0.2444,-1.8731,-2.5167,0.2023,-1.6496,-0.8818,-2.7442,0.0938,-2.0528
2076,-3.3858,-3.224,-2.4408,-2.7436,-3.7209,-3.1535,-2.4428,-3.1214,-2.2711,-2.8437,-2.0065,-2.0507,-1.6418,-2.8678,-3.9505,-4.744,-2.4331,-2.6743,-2.3823,-3.3421,-2.5635,-2.3731,-0.4357,0.1908,-0.7851,-0.304,-1.6663,-2.4646,0.2123,-1.7651,-1.0002,-2.65,-0.054,-2.3103
2077,-3.36,-3.2168,-2.4436,-2.8183,-3.6556,-3.1134,-2.5389,-3.0558,-2.2804,-2.8443,-2.0364,-2.001,-1.6462,-2.8815,-3.9526,-5.045,-2.5443,-2.7283,-2.3884,-3.3181,-2.5252,-2.3875,-0.4615,0.105,-0.8678,-0.3627,-1.464,-2.4052,0.2146,-1.8966,-1.1208,-2.5412,-0.2102,-2.5431
2078,-3.3193,-3.2002,-2.4525,-2.8862,-3.5826,-3.0731,-2.6342,-3.0174,-2.2925,-2.8925,-2.065,-1.9881,-1.6979,-2.9205,-3.9791,-5.3206,-2.6697,-2.7777,-2.3855,-3.3142,-2.5,-2.4066,-0.4905,0.0177,-0.9476,-0.4231,-1.2957,-2.3433,0.213,-2.0118,-1.243,-2.4167,-0.3676,-2.746
2079,-3.2675,-3.1824,-2.4711,-2.9552,-3.503,-3.0234,-2.7205,-3.0115,-2.3167,-2.9523,-2.0971,-2.0098,-1.7721,-2.9881,-4.0295,-5.5828,-2.8028,-2.8291,-2.3814,-3.3341,-2.4966,-2.4347,-0.5357,-0.072,-1.0243,-0.4876,-1.1515,-2.2781,0.2122,-2.1,-1.3705,-2.2785,-0.5176,-2.928
2080,-3.2077,-3.168,-2.5032,-3.0241,-3.4298,-2.9736,-2.8043,-3.0446,-2.3528,-3.0216,-2.1333,-2.0648,-1.866,-3.0758,-4.0994,-5.8404,-2.9317,-2.8856,-2.3836,-3.3893,-2.4985,-2.4739,-0.6246,-0.1677,-1.0981,-0.5631,-1.0288,-2.2149,0.2083,-2.184,-1.4951,-2.141,-0.6563,-3.0965
2081,-3.1333,-3.1539,-2.545,-3.0822,-3.3529,-2.9124,-2.8783,-3.1087,-2.3923,-3.1078,-2.1715,-2.1452,-1.9799,-3.1756,-4.1939,-6.0687,-3.0411,-2.9325,-2.3936,-3.4486,-2.4941,-2.5253,-0.7461,-0.2669,-1.1662,-0.6483,-0.9308,-2.1507,0.1963,-2.2878,-1.6106,-2.0186,-0.7795,-3.2594
2082,-3.0584,-3.1386,-2.589,-3.1235,-3.2798,-2.848,-2.9377,-3.1943,-2.4478,-3.1986,-2.2112,-2.2617,-2.1249,-3.2833,-4.3117,-6.2388,-3.1245,-2.9722,-2.4093,-3.4939,-2.5072,-2.5824,-0.8727,-0.3655,-1.2237,-0.738,-0.8784,-2.088,0.1761,-2.4098,-1.7264,-1.9209,-0.8847,-3.4045
2083,-3.0058,-3.128,-2.6519,-3.1572,-3.2248,-2.8021,-2.9971,-3.3191,-2.5341,-3.309,-2.2603,-2.4198,-2.301,-3.4135,-4.4483,-6.3832,-3.2052,-3.0274,-2.4326,-3.5495,-2.5538,-2.6472,-1.0344,-0.4597,-1.2694,-0.8305,-0.8885,-2.031,0.1524,-2.54,-1.8481,-1.8514,-0.97,-3.5327
2084,-2.976,-3.1278,-2.7403,-3.1903,-3.1863,-2.7745,-3.057,-3.4813,-2.6528,-3.4363,-2.3279,-2.6118,-2.487,-3.5721,-4.5972,-6.5255,-3.28,-3.1024,-2.4662,-3.6079,-2.6246,-2.7195,-1.2376,-0.5495,-1.3129,-0.9228,-0.9357,-1.9798,0.1255,-2.6762,-1.9766,-1.815,-1.0404,-3.6558
2085,-2.9681,-3.1411,-2.8474,-3.2221,-3.1708,-2.764,-3.1175,-3.6643,-2.7915,-3.5765,-2.413,-2.827,-2.6787,-3.7452,-4.7474,-6.656,-3.3372,-3.1857,-2.5102,-3.6826,-2.7127,-2.7952,-1.4807,-0.6344,-1.364,-1.0145,-1.0004,-1.9387,0.0866,-2.8168,-2.0995,-1.8215,-1.1056,-3.7766
2086,-2.9746,-3.1719,-2.971,-3.2551,-3.1719,-2.7629,-3.1786,-3.8682,-2.9423,-3.7273,-2.5196,-3.0627,-2.8776,-3.9243,-4.9055,-6.7925,-3.3769,-3.2736,-2.5695,-3.7709,-2.8152,-2.8784,-1.7663,-0.7131,-1.4164,-1.1057,-1.0836,-1.9087,0.0328,-2.9602,-2.1991,-1.8801,-1.1763,-3.8976
2087,-2.9897,-3.2186,-3.1044,-3.2941,-3.1898,-2.7817,-3.2342,-4.0836,-3.1027,-3.8732,-2.6453,-3.3055,-3.0917,-4.1072,-5.0758,-6.9777,-3.4008,-3.365,-2.6489,-3.8376,-2.9312,-2.9689,-2.1255,-0.7863,-1.4659,-1.1977,-1.2084,-1.8885,-0.0314,-3.1041,-2.2914,-1.9972,-1.2648,-4.0217
2088,-3.0167,-3.2734,-3.2479,-3.3391,-3.2258,-2.8266,-3.2863,-4.3067,-3.2677,-4.0113,-2.7798,-3.5522,-3.3171,-4.2873,-5.2494,-7.1737,-3.4185,-3.4599,-2.7409,-3.8887,-3.0598,-3.0569,-2.5377,-0.856,-1.5147,-1.2932,-1.3749,-1.8743,-0.0943,-3.2423,-2.3852,-2.1664,-1.3742,-4.1622
2089,-3.055,-3.3293,-3.3982,-3.383,-3.2766,-2.8821,-3.3297,-4.524,-3.4374,-4.147,-2.9092,-3.8144,-3.5338,-4.4595,-5.4148,-7.334,-3.4375,-3.5625,-2.8349,-3.9294,-3.1984,-3.1359,-2.9848,-0.9221,-1.5674,-1.3905,-1.5579,-1.8613,-0.1522,-3.3711,-2.4756,-2.374,-1.5014,-4.3219
2090,-3.1096,-3.3859,-3.5471,-3.4209,-3.3429,-2.9477,-3.3682,-4.7225,-3.6104,-4.2743,-3.0323,-4.0679,-3.7328,-4.6196,-5.5701,-7.4978,-3.4529,-3.6642,-2.9312,-3.9757,-3.3485,-3.2013,-3.4433,-0.9839,-1.6269,-1.4849,-1.7418,-1.8481,-0.2121,-3.4904,-2.5723,-2.5984,-1.6434,-4.4881
2091,-3.1853,-3.4441,-3.6908,-3.4554,-3.4191,-3.0246,-3.401,-4.9053,-3.7765,-4.4022,-3.1597,-4.2978,-3.9193,-4.7642,-5.7163,-7.6907,-3.4617,-3.7573,-3.0268,-4.0285,-3.4995,-3.2538,-3.9035,-1.046,-1.6874,-1.5761,-1.9386,-1.8371,-0.2792,-3.6035,-2.665,-2.8199,-1.7964,-4.6515
2092,-3.2742,-3.5014,-3.8238,-3.4884,-3.4989,-3.1096,-3.4173,-5.0659,-3.9259,-4.5121,-3.2901,-4.4867,-4.0828,-4.8926,-5.8461,-7.8813,-3.4618,-3.8384,-3.1173,-4.0551,-3.6402,-3.2986,-4.4396,-1.1053,-1.7507,-1.6657,-2.1467,-1.8274,-0.3496,-3.7119,-2.7555,-3.0333,-1.9566,-4.8077
2093,-3.3666,-3.5566,-3.9397,-3.5208,-3.5818,-3.2004,-3.4174,-5.1866,-4.0507,-4.591,-3.4089,-4.6203,-4.2112,-4.9942,-5.9603,-8.0193,-3.449,-3.9014,-3.1991,-4.0494,-3.7738,-3.3351,-4.9651,-1.1599,-1.8226,-1.7553,-2.3435,-1.8199,-0.4097,-3.8071,-2.8476,-3.2423,-2.1205,-4.9648
2094,-3.4635,-3.6081,-4.0436,-3.5532,-3.6725,-3.3005,-3.4141,-5.283,-4.1537,-4.6571,-3.5067,-4.718,-4.3066,-5.0685,-6.0529,-8.1123,-3.4394,-3.9555,-3.2703,-4.0287,-3.9052,-3.3667,-5.4402,-1.2028,-1.9012,-1.8407,-2.5248,-1.8179,-0.4576,-3.8818,-2.9273,-3.4522,-2.2835,-5.1223
2095,-3.5736,-3.6573,-4.1367,-3.5852,-3.771,-3.4119,-3.4213,-5.3694,-4.2408,-4.7005,-3.5878,-4.8054,-4.3669,-5.1257,-6.1304,-8.1936,-3.4363,-4.0083,-3.337,-4.0146,-4.0324,-3.3928,-5.8554,-1.2349,-1.9809,-1.9118,-2.6957,-1.8194,-0.4983,-3.9377,-3.0022,-3.6525,-2.4378,-5.2635
2096,-3.7058,-3.7078,-4.2221,-3.6182,-3.8783,-3.5387,-3.4536,-5.4366,-4.3163,-4.7573,-3.6602,-4.9017,-4.4213,-5.1709,-6.1942,-8.2461,-3.4445,-4.0677,-3.3978,-4.0062,-4.16,-3.4112,-6.2075,-1.2708,-2.0508,-1.9686,-2.8512,-1.8279,-0.532,-3.9738,-3.0667,-3.8312,-2.5739,-5.3766
2097,-3.8481,-3.7544,-4.299,-3.6493,-3.9821,-3.665,-3.4937,-5.4805,-4.3621,-4.8047,-3.7225,-4.9652,-4.4641,-5.2035,-6.2338,-8.2373,-3.4596,-4.1148,-3.4507,-4.0031,-4.2723,-3.4244,-6.5657,-1.3047,-2.117,-2.0159,-2.9577,-1.8392,-0.5565,-3.9913,-3.1129,-3.988,-2.6838,-5.4685
2098,-3.9696,-3.7934,-4.3477,-3.6766,-4.078,-3.7738,-3.5221,-5.4874,-4.3612,-4.8007,-3.7684,-4.9753,-4.4763,-5.209,-6.2484,-8.157,-3.4647,-4.1348,-3.4957,-4.0132,-4.3534,-3.4272,-6.8118,-1.3386,-2.1901,-2.059,-3.01,-1.8545,-0.5722,-3.9943,-3.146,-4.1373,-2.7719,-5.5525
2099,-4.067,-3.8269,-4.3753,-3.7037,-4.1723,-3.872,-3.5539,-5.4673,-4.3312,-4.7832,-3.7969,-4.9535,-4.4689,-5.1854,-6.2371,-8.0314,-3.4736,-4.1494,-3.5323,-4.0303,-4.4189,-3.4199,-6.9341,-1.3753,-2.2591,-2.105,-3.025,-1.8827,-0.5852,-3.9827,-3.1544,-4.289,-2.8413,-5.6127
2100,-4.156,-3.8567,-4.3916,-3.7297,-4.2563,-3.958,-3.5907,-5.4211,-4.2946,-4.7567,-3.8059,-4.913,-4.4347,-5.1454,-6.208,-7.8676,-3.4922,-4.1584,-3.5659,-4.0419,-4.4721,-3.4024,-6.9414,-1.4046,-2.3111,-2.1515,-3.0124,-1.9206,-0.5986,-3.9595,-3.1394,-4.4131,-2.8866,-5.6279
