date,market_eligible,value_momentum_eligible,growth_inflation_controls,all_four_blocks_strict,macro_identities,all_four_composites,gdp_expectation,gdp_revision_3m,cpi_expectation,cpi_revision_3m,yield_2y,cds_5y,fx_vol_1m,curve_2s10s,yield_2y_change_3m,cds_5y_change_3m,fx_vol_change_3m,cheap_pb,momentum_12_1,return_vol_12m
2000-01-01,0,0,0,0,0,0,0,0,0,0,0,0,0,0,0,0,0,0,0,0
2000-02-01,0,0,0,0,0,0,0,0,0,0,0,0,0,0,0,0,0,0,0,0
2000-03-01,0,0,0,0,0,0,0,0,0,0,0,0,0,0,0,0,0,0,0,0
2000-04-01,0,0,0,0,0,0,0,0,0,0,0,0,0,0,0,0,0,0,0,0
2000-05-01,0,0,0,0,0,0,0,0,0,0,0,0,0,0,0,0,0,0,0,0
2000-06-01,0,0,0,0,0,0,0,0,0,0,0,0,0,0,0,0,0,0,0,0
2000-07-01,0,0,0,0,0,0,0,0,0,0,0,0,0,0,0,0,0,0,0,0
2000-08-01,0,0,0,0,0,0,0,0,0,0,0,0,0,0,0,0,0,0,0,0
2000-09-01,0,0,0,0,0,0,0,0,0,0,0,0,0,0,0,0,0,0,0,0
2000-10-01,0,0,0,0,0,0,0,0,0,0,0,0,0,0,0,0,0,0,0,0
2000-11-01,0,0,0,0,0,0,0,0,0,0,0,0,0,0,0,0,0,0,0,0
2000-12-01,0,0,0,0,0,0,0,0,0,0,0,0,0,0,0,0,0,0,0,0
2001-01-01,32,0,0,0,0,0,0,0,0,0,0,0,0,0,0,0,0,0,32,32
2001-02-01,32,0,0,0,0,0,0,0,0,0,0,0,0,0,0,0,0,0,32,32
2001-03-01,32,0,0,0,0,0,0,0,0,0,0,0,0,0,0,0,0,0,32,32
2001-04-01,32,0,0,0,0,0,0,0,0,0,0,0,0,0,0,0,0,0,32,32
2001-05-01,32,0,0,0,0,0,0,0,0,0,0,0,0,0,0,0,0,0,32,32
2001-06-01,32,0,0,0,0,0,0,0,0,0,0,0,0,0,0,0,0,0,32,32
2001-07-01,32,0,0,0,0,0,0,0,0,0,0,0,0,0,0,0,0,0,32,32
2001-08-01,32,0,0,0,0,0,0,0,0,0,0,0,0,0,0,0,0,0,32,32
2001-09-01,32,0,0,0,0,0,0,0,0,0,0,0,0,0,0,0,0,0,32,32
2001-10-01,32,0,0,0,0,0,0,0,0,0,0,0,0,0,0,0,0,0,32,32
2001-11-01,32,0,0,0,0,0,0,0,0,0,0,0,0,0,0,0,0,0,32,32
2001-12-01,32,0,0,0,0,0,0,0,0,0,0,0,0,0,0,0,0,0,32,32
2002-01-01,32,0,0,0,0,0,0,0,0,0,0,0,0,0,0,0,0,0,32,32
2002-02-01,32,0,0,0,0,0,0,0,0,0,0,0,0,0,0,0,0,0,32,32
2002-03-01,32,0,0,0,0,0,0,0,0,0,0,0,0,0,0,0,0,0,32,32
2002-04-01,32,0,0,0,0,0,0,0,0,0,0,0,0,0,0,0,0,0,32,32
2002-05-01,32,0,0,0,0,0,0,0,0,0,0,0,0,0,0,0,0,0,32,32
2002-06-01,32,0,0,0,0,0,0,0,0,0,0,0,0,0,0,0,0,0,32,32
2002-07-01,32,0,0,0,0,0,0,0,0,0,0,0,0,0,0,0,0,0,32,32
2002-08-01,32,0,0,0,0,0,0,0,0,0,0,0,0,0,0,0,0,0,32,32
2002-09-01,32,0,0,0,0,0,0,0,0,0,0,0,0,0,0,0,0,0,32,32
2002-10-01,32,0,0,0,0,0,0,0,0,0,0,0,0,0,0,0,0,0,32,32
2002-11-01,32,0,0,0,0,0,0,0,0,0,0,0,0,0,0,0,0,0,32,32
2002-12-01,32,0,0,0,0,0,0,0,0,0,0,0,0,0,0,0,0,0,32,32
2003-01-01,32,0,0,0,0,0,0,0,0,0,0,0,0,0,0,0,0,0,32,32
2003-02-01,32,0,0,0,0,0,0,0,0,0,0,0,0,0,0,0,0,0,32,32
2003-03-01,32,0,0,0,0,0,0,0,0,0,0,0,0,0,0,0,0,0,32,32
2003-04-01,32,0,0,0,0,0,0,0,0,0,0,0,0,0,0,0,0,0,32,32
2003-05-01,32,0,0,0,0,0,0,0,0,0,0,0,0,0,0,0,0,0,32,32
2003-06-01,32,0,0,0,0,0,0,0,0,0,0,0,0,0,0,0,0,0,32,32
2003-07-01,32,0,0,0,0,0,0,0,0,0,0,0,0,0,0,0,0,0,32,32
2003-08-01,32,0,0,0,0,0,0,0,0,0,0,0,0,0,0,0,0,0,32,32
2003-09-01,32,0,0,0,0,0,0,0,0,0,0,0,0,0,0,0,0,0,32,32
2003-10-01,32,0,0,0,0,0,0,0,0,0,0,0,0,0,0,0,0,0,32,32
2003-11-01,32,0,0,0,0,0,0,0,0,0,0,0,0,0,0,0,0,0,32,32
2003-12-01,32,0,0,0,0,0,0,0,0,0,0,0,0,0,0,0,0,0,32,32
2004-01-01,32,0,0,0,0,0,0,0,0,0,0,0,0,0,0,0,0,0,32,32
2004-02-01,32,0,0,0,0,0,0,0,0,0,0,0,0,0,0,0,0,0,32,32
2004-03-01,32,0,0,0,0,0,0,0,0,0,0,0,0,0,0,0,0,0,32,32
2004-04-01,32,0,0,0,0,0,0,0,0,0,0,0,0,0,0,0,0,0,32,32
2004-05-01,32,0,0,0,0,0,0,0,0,0,0,0,0,0,0,0,0,0,32,32
2004-06-01,32,0,0,0,0,0,0,0,0,0,0,0,0,0,0,0,0,0,32,32
2004-07-01,32,0,0,0,0,0,0,0,0,0,0,0,0,0,0,0,0,0,32,32
2004-08-01,32,0,0,0,0,0,0,0,0,0,0,0,0,0,0,0,0,0,32,32
2004-09-01,32,0,0,0,0,0,0,0,0,0,0,0,0,0,0,0,0,0,32,32
2004-10-01,32,0,0,0,0,0,0,0,0,0,0,0,0,0,0,0,0,0,32,32
2004-11-01,32,0,0,0,0,0,0,0,0,0,0,0,0,0,0,0,0,0,32,32
2004-12-01,32,0,0,0,0,0,0,0,0,0,0,0,0,0,0,0,0,0,32,32
2005-01-01,32,0,0,0,0,0,0,0,0,0,0,0,0,0,0,0,0,0,32,32
2005-02-01,32,0,0,0,0,0,0,0,0,0,23,17,0,22,0,0,0,0,32,32
2005-03-01,32,1,0,0,0,0,0,0,0,0,23,17,0,22,0,0,0,1,32,32
2005-04-01,32,1,0,0,0,0,0,0,0,0,23,17,0,22,0,0,0,1,32,32
2005-05-01,32,2,0,0,0,0,0,0,0,0,23,16,0,22,23,16,0,2,32,32
2005-06-01,32,2,0,0,0,0,0,0,0,0,23,17,0,21,23,17,0,2,32,32
2005-07-01,32,2,0,0,0,0,0,0,0,0,25,17,0,24,23,17,0,2,32,32
2005-08-01,32,2,0,0,0,0,0,0,0,0,25,17,0,24,23,16,0,2,32,32
2005-09-01,32,2,0,0,0,0,0,0,0,0,25,16,0,24,23,16,0,2,32,32
2005-10-01,32,3,0,0,0,0,0,0,0,0,25,17,0,23,25,17,0,3,32,32
2005-11-01,32,3,0,0,0,0,0,0,0,0,25,17,0,23,25,17,0,3,32,32
2005-12-01,32,4,0,0,0,0,0,0,0,0,25,17,0,23,25,16,0,4,32,32
2006-01-01,32,4,0,0,0,0,0,0,0,0,25,16,0,23,25,16,0,4,32,32
2006-02-01,32,8,0,0,0,0,0,0,0,0,25,17,24,23,25,17,0,8,32,32
2006-03-01,32,19,0,0,0,0,0,0,0,0,24,17,25,22,24,17,0,19,32,32
2006-04-01,32,26,0,0,0,0,0,0,0,0,24,17,26,22,24,16,0,26,32,32
2006-05-01,32,32,0,0,0,0,0,0,0,0,24,17,26,24,24,17,24,32,32,32
2006-06-01,32,32,0,0,0,0,0,0,0,0,24,18,26,24,24,17,25,32,32,32
2006-07-01,32,32,0,0,0,0,0,0,0,0,25,18,26,24,24,17,26,32,32,32
2006-08-01,32,32,0,0,0,0,0,0,0,0,25,18,26,24,24,17,26,32,32,32
2006-09-01,32,32,0,0,0,0,0,0,0,0,25,18,26,24,24,18,26,32,32,32
2006-10-01,32,32,0,0,0,0,0,0,0,0,25,18,26,24,25,18,26,32,32,32
2006-11-01,32,32,0,0,0,0,0,0,0,0,26,18,26,25,25,18,26,32,32,32
2006-12-01,32,32,0,0,0,0,0,0,0,0,26,18,26,25,25,18,26,32,32,32
2007-01-01,32,32,0,0,0,0,0,0,0,0,26,18,26,25,25,18,26,32,32,32
2007-02-01,32,32,0,0,0,0,0,0,0,0,25,18,26,24,25,18,26,32,32,32
2007-03-01,32,32,0,0,0,0,0,0,0,0,26,18,26,25,26,18,26,32,32,32
2007-04-01,32,32,0,0,0,0,0,0,0,0,26,18,26,25,26,18,26,32,32,32
2007-05-01,32,32,0,0,0,0,0,0,0,0,25,18,26,24,24,18,26,32,32,32
2007-06-01,32,32,0,0,0,0,0,0,0,0,26,18,26,25,26,18,26,32,32,32
2007-07-01,32,32,0,0,0,0,0,0,0,0,25,18,26,24,25,18,26,32,32,32
2007-08-01,32,32,0,0,0,0,0,0,0,0,26,18,26,25,25,18,26,32,32,32
2007-09-01,32,32,0,0,0,0,0,0,0,0,26,18,26,25,26,18,26,32,32,32
2007-10-01,32,32,0,0,0,0,0,0,0,0,26,18,26,25,25,18,26,32,32,32
2007-11-01,32,32,0,0,0,0,0,0,0,0,26,18,26,24,26,18,26,32,32,32
2007-12-01,33,32,0,0,0,0,0,0,0,0,25,18,26,23,25,18,26,32,33,33
2008-01-01,33,32,0,0,0,0,0,0,0,0,25,18,26,23,25,18,26,32,33,33
2008-02-01,33,32,0,0,0,0,25,0,25,0,25,18,26,23,25,18,26,32,33,33
2008-03-01,33,32,0,0,0,0,30,15,29,15,25,18,26,24,25,18,26,32,33,33
2008-04-01,33,32,0,0,0,0,31,25,30,25,25,18,26,24,25,18,26,32,33,33
2008-05-01,33,32,0,0,0,0,30,25,29,25,25,18,26,24,25,18,26,32,33,33
2008-06-01,33,32,0,0,0,0,30,29,29,28,26,18,26,25,25,18,26,32,33,33
2008-07-01,33,32,0,0,0,0,30,30,28,28,26,18,27,25,25,18,26,32,33,33
2008-08-01,33,32,0,0,0,0,27,27,23,23,26,18,27,25,25,18,26,32,33,33
2008-09-01,33,32,0,0,0,0,29,28,26,25,26,19,27,24,26,18,26,32,33,33
2008-10-01,33,32,0,0,0,0,25,24,22,21,26,19,27,24,26,18,27,32,33,33
2008-11-01,33,32,0,0,0,0,25,23,23,20,26,19,27,24,26,18,27,32,33,33
2008-12-01,33,33,0,0,0,0,24,23,20,19,26,19,27,24,26,19,27,33,33,33
2009-01-01,33,33,0,0,0,0,26,25,22,21,26,19,27,24,26,19,27,33,33,33
2009-02-01,33,33,0,0,0,0,23,16,21,14,26,19,27,25,26,19,27,33,33,33
2009-03-01,33,33,0,0,0,0,28,19,25,18,26,19,27,25,26,19,27,33,33,33
2009-04-01,33,33,0,0,0,0,28,17,25,17,26,19,27,25,26,19,27,33,33,33
2009-05-01,33,33,0,0,0,0,28,21,25,19,25,20,27,24,25,19,27,33,33,33
2009-06-01,33,33,0,0,0,0,29,27,26,24,25,20,27,24,25,19,27,33,33,33
2009-07-01,33,33,0,0,0,0,30,28,26,24,25,20,27,24,25,19,27,33,33,33
2009-08-01,33,33,0,0,0,0,27,25,23,21,25,20,27,24,25,20,27,33,33,33
2009-09-01,33,33,0,0,0,0,28,27,26,24,25,20,27,24,25,20,27,33,33,33
2009-10-01,33,33,0,0,0,0,29,29,28,26,25,20,27,24,25,20,27,33,33,33
2009-11-01,33,33,0,0,0,0,29,26,28,22,25,20,27,24,25,20,27,33,33,33
2009-12-01,33,33,0,0,0,0,29,27,28,25,25,20,27,24,25,20,27,33,33,33
2010-01-01,33,33,0,0,0,0,29,28,28,27,25,20,27,24,25,20,27,33,33,33
2010-02-01,33,33,0,0,0,0,27,24,26,24,24,20,27,24,24,20,27,33,33,33
2010-03-01,33,33,0,0,0,0,26,25,25,24,25,20,27,25,24,20,27,33,33,33
2010-04-01,33,33,0,0,0,0,25,22,25,22,25,20,27,25,24,20,27,33,33,33
2010-05-01,33,33,0,0,0,0,27,26,27,26,25,20,27,25,24,20,27,33,33,33
2010-06-01,33,33,0,0,0,0,27,25,27,25,25,20,27,25,24,20,27,33,33,33
2010-07-01,33,33,0,0,0,0,28,25,28,25,24,20,27,24,24,20,27,33,33,33
2010-08-01,33,33,0,0,0,0,28,27,28,27,26,20,27,25,25,20,27,33,33,33
2010-09-01,33,33,0,0,0,0,29,27,28,27,26,20,27,26,25,20,27,33,33,33
2010-10-01,33,33,0,0,0,0,30,28,27,26,25,20,27,25,24,20,27,33,33,33
2010-11-01,33,33,0,0,0,0,28,26,26,25,26,20,27,26,26,20,27,33,33,33
2010-12-01,33,33,0,0,0,0,29,28,25,24,26,20,27,26,26,20,27,33,33,33
2011-01-01,33,33,0,0,0,0,29,29,28,25,25,20,27,25,25,20,27,33,33,33
2011-02-01,33,33,0,0,0,0,26,20,27,17,26,20,27,26,26,20,27,33,33,33
2011-03-01,33,33,5,4,5,2,27,23,27,20,26,20,29,26,26,20,27,33,33,33
2011-04-01,33,33,5,4,5,2,28,26,28,25,26,20,29,26,25,20,27,33,33,33
2011-05-01,33,33,6,4,6,2,27,25,27,26,26,20,29,26,26,20,27,33,33,33
2011-06-01,33,33,9,4,7,2,26,24,24,23,26,20,29,26,26,20,29,33,33,33
2011-07-01,33,33,13,8,11,4,28,27,27,26,26,20,29,26,26,20,29,33,33,33
2011-08-01,33,33,16,10,14,5,30,26,30,26,26,20,29,26,26,20,29,33,33,33
2011-09-01,33,33,15,9,13,5,31,26,31,24,26,20,29,25,26,20,29,33,33,33
2011-10-01,33,33,16,9,14,5,31,28,30,26,27,20,29,26,26,20,29,33,33,33
2011-11-01,33,33,17,10,15,6,31,30,31,30,27,20,29,25,26,20,29,33,33,33
2011-12-01,33,33,18,11,16,7,31,31,31,31,27,20,29,25,26,20,29,33,33,33
2012-01-01,33,33,17,10,15,6,32,31,31,29,27,20,29,25,27,20,29,33,33,33
2012-02-01,33,33,12,8,10,5,30,24,26,20,24,20,29,22,24,20,29,33,33,33
2012-03-01,33,33,17,11,14,5,30,28,29,24,26,20,29,24,26,20,29,33,33,33
2012-04-01,33,33,18,12,15,6,31,30,28,25,26,20,29,24,26,20,29,33,33,33
2012-05-01,33,33,17,10,14,6,31,30,28,23,26,20,29,25,24,20,29,33,33,33
2012-06-01,33,33,18,12,15,6,33,30,28,26,26,20,29,25,26,20,29,33,33,33
2012-07-01,33,33,17,11,14,5,31,29,28,25,26,20,29,26,26,20,29,33,33,33
2012-08-01,33,33,20,12,17,6,32,30,31,28,26,20,29,26,26,20,29,33,33,33
2012-09-01,33,33,20,12,17,6,33,32,32,28,26,20,29,26,26,20,29,33,33,33
2012-10-01,33,33,20,13,17,7,34,31,33,28,26,20,29,26,26,20,29,33,33,33
2012-11-01,33,33,24,15,21,9,34,32,33,31,26,20,29,26,26,20,29,33,33,33
2012-12-01,33,33,25,16,22,10,34,33,33,32,27,20,29,27,26,20,29,33,33,33
2013-01-01,33,33,25,16,22,10,34,34,33,33,27,18,29,27,26,18,29,33,33,33
2013-02-01,33,33,25,16,22,10,34,34,33,33,27,20,29,27,26,20,29,33,33,33
2013-03-01,33,33,26,17,23,10,34,34,33,33,27,20,29,27,27,20,29,33,33,33
2013-04-01,33,33,26,17,23,10,34,34,33,33,27,20,29,27,27,18,29,33,33,33
2013-05-01,33,33,26,17,23,10,34,34,33,33,27,20,29,27,27,20,29,33,33,33
2013-06-01,33,33,26,17,23,10,34,34,33,33,27,20,29,27,27,20,29,33,33,33
2013-07-01,33,33,26,17,23,10,34,34,33,33,27,20,28,27,27,20,28,33,33,33
2013-08-01,33,33,26,17,23,10,33,33,32,32,27,20,29,26,27,20,29,33,33,33
2013-09-01,33,33,26,17,23,10,33,33,32,32,27,20,29,26,27,20,29,33,33,33
2013-10-01,33,33,26,17,23,10,33,33,32,32,27,20,29,26,27,20,28,33,33,33
2013-11-01,33,33,26,17,23,10,33,33,32,32,27,20,29,26,27,20,29,33,33,33
2013-12-01,33,33,27,18,24,10,33,33,32,32,27,20,29,26,27,20,29,33,33,33
2014-01-01,33,33,27,19,24,11,33,33,32,32,26,19,29,25,26,19,29,33,33,33
2014-02-01,33,33,27,19,24,11,34,34,33,33,26,20,29,25,26,20,29,33,33,33
2014-03-01,33,33,27,19,24,13,34,34,33,33,26,20,29,26,26,20,29,33,33,33
2014-04-01,33,33,28,20,25,14,34,34,33,33,26,20,29,26,26,19,29,33,33,33
2014-05-01,33,33,28,20,25,14,34,34,33,33,26,20,29,26,26,20,29,33,33,33
2014-06-01,33,33,28,20,25,14,34,34,33,33,26,20,29,26,26,20,29,33,33,33
2014-07-01,33,33,28,20,25,14,34,34,33,33,26,20,29,25,26,20,29,33,33,33
2014-08-01,33,33,28,20,25,14,33,33,32,32,26,20,29,25,26,20,29,33,33,33
2014-09-01,33,33,28,20,25,14,33,33,32,32,26,20,29,25,26,20,29,33,33,33
2014-10-01,33,33,28,20,25,14,33,33,33,33,27,20,29,27,26,20,29,33,33,33
2014-11-01,33,33,28,20,25,14,33,33,32,32,27,20,29,27,26,20,29,33,33,33
2014-12-01,33,33,29,19,26,13,33,33,32,32,26,20,29,25,25,20,29,33,33,33
2015-01-01,33,33,29,20,26,14,33,33,32,32,27,20,29,27,27,20,29,33,33,33
2015-02-01,33,33,29,20,26,14,34,34,33,33,27,20,28,27,27,20,28,33,33,33
2015-03-01,33,33,29,19,26,13,34,34,33,33,27,20,29,27,26,20,29,33,33,33
2015-04-01,33,33,30,20,27,14,34,34,34,33,27,20,29,27,27,20,29,33,33,33
2015-05-01,33,33,30,20,27,14,34,34,34,33,27,20,29,27,27,20,28,33,33,33
2015-06-01,33,33,30,20,27,14,34,34,33,32,27,20,29,27,27,20,29,33,33,33
2015-07-01,33,33,30,20,27,14,34,34,33,33,27,20,29,27,27,20,29,33,33,33
2015-08-01,33,33,30,20,27,14,33,33,33,33,27,20,29,27,27,20,29,33,33,33
2015-09-01,34,33,30,20,27,14,33,33,33,33,27,20,29,27,27,20,29,33,34,34
2015-10-01,34,33,30,20,27,14,33,33,33,33,27,20,29,27,27,20,29,33,34,34
2015-11-01,34,33,30,20,27,14,33,33,33,33,27,20,29,27,27,20,29,33,34,34
2015-12-01,34,33,30,18,27,12,33,33,33,33,25,20,29,25,25,20,29,33,34,34
2016-01-01,34,33,31,21,28,15,33,33,33,33,27,20,29,27,27,20,29,33,34,34
2016-02-01,34,33,31,21,28,15,34,34,34,34,27,20,29,27,27,20,29,33,34,34
2016-03-01,34,33,31,19,28,13,34,34,34,34,27,20,29,27,25,20,29,33,34,34
2016-04-01,34,33,31,21,28,15,34,34,34,34,27,20,29,27,27,20,29,33,34,34
2016-05-01,34,33,31,21,28,15,34,34,34,34,27,20,29,27,27,20,29,33,34,34
2016-06-01,34,33,31,21,28,15,34,34,33,33,27,20,29,27,27,20,29,33,34,34
2016-07-01,34,33,31,19,28,13,34,34,33,33,25,20,29,25,25,20,29,33,34,34
2016-08-01,34,33,31,18,28,12,33,33,33,33,24,20,29,24,24,20,29,33,34,34
2016-09-01,34,33,31,20,28,14,33,33,33,33,26,20,29,26,26,20,29,33,34,34
2016-10-01,34,33,31,18,28,12,33,33,33,33,24,20,29,24,24,20,29,33,34,34
2016-11-01,34,33,31,18,28,12,33,33,33,33,26,20,29,26,24,20,29,33,34,34
2016-12-01,34,33,31,18,28,12,33,33,33,33,24,20,29,24,24,20,29,33,34,34
2017-01-01,34,33,30,18,27,12,33,33,32,32,24,20,29,24,24,20,29,33,34,34
2017-02-01,34,33,30,18,27,12,34,34,33,33,24,20,29,24,24,20,29,33,34,34
2017-03-01,34,33,29,18,26,12,34,32,34,32,24,20,29,24,24,20,29,33,34,34
2017-04-01,34,33,30,18,27,12,34,33,34,33,24,20,29,24,24,20,29,33,34,34
2017-05-01,34,33,30,18,27,12,34,34,34,33,24,20,29,24,24,20,29,33,34,34
2017-06-01,34,33,31,18,28,12,34,34,33,33,24,20,29,24,24,20,29,33,34,34
2017-07-01,34,33,31,18,28,12,34,34,33,33,25,20,29,25,24,20,29,33,34,34
2017-08-01,34,33,31,18,28,12,33,33,33,33,25,20,29,25,24,20,29,33,34,34
2017-09-01,34,33,31,18,28,12,33,33,33,33,25,20,29,25,24,20,29,33,34,34
2017-10-01,34,33,31,19,28,13,33,33,33,33,25,20,29,25,25,20,29,33,34,34
2017-11-01,34,33,31,19,28,13,33,33,33,33,25,20,29,25,25,20,29,33,34,34
2017-12-01,34,33,31,18,28,12,33,33,33,33,24,20,29,24,24,20,29,33,34,34
2018-01-01,34,33,31,18,28,12,34,33,33,33,24,20,29,24,24,20,29,33,34,34
2018-02-01,34,33,29,19,26,13,34,33,34,32,27,20,29,26,25,20,29,33,34,34
2018-03-01,34,33,30,18,27,12,34,33,34,33,27,20,29,26,24,20,29,33,34,34
2018-04-01,34,33,31,18,28,12,34,34,34,34,27,20,28,25,24,20,28,33,34,34
2018-05-01,34,33,31,21,28,15,34,34,34,34,27,20,28,25,27,20,28,33,34,34
2018-06-01,34,33,31,21,28,15,34,34,33,33,27,20,28,25,27,20,28,33,34,34
2018-07-01,34,33,32,22,29,15,34,34,33,33,27,20,28,25,27,20,28,33,34,34
2018-08-01,34,33,32,22,29,15,33,33,33,33,27,20,28,26,27,20,28,33,34,34
2018-09-01,34,33,32,21,29,14,33,33,33,33,26,20,28,25,26,20,28,33,34,34
2018-10-01,34,33,32,21,29,14,34,34,34,33,26,20,28,25,26,20,28,33,34,34
2018-11-01,34,33,32,22,29,15,34,33,33,33,27,20,28,25,27,20,28,33,34,34
2018-12-01,34,33,32,21,29,14,34,33,34,33,27,20,29,26,26,20,28,33,34,34
2019-01-01,34,33,32,21,29,14,34,34,34,34,26,20,28,25,26,20,28,33,34,34
2019-02-01,34,33,32,22,29,15,34,34,34,34,27,20,28,26,27,20,28,33,34,34
2019-03-01,34,33,32,20,29,13,34,34,34,34,25,20,29,24,25,20,29,33,34,34
2019-04-01,34,33,32,21,29,14,34,34,34,34,27,20,29,27,26,20,28,33,34,34
2019-05-01,34,33,32,21,29,14,34,34,34,34,27,20,29,27,27,20,28,33,34,34
2019-06-01,34,34,33,19,30,12,34,34,34,34,26,20,29,26,24,20,29,34,34,34
2019-07-01,34,34,33,19,30,12,34,34,34,34,26,20,29,26,26,20,29,34,34,34
2019-08-01,34,34,33,19,30,12,34,34,34,34,24,20,29,24,24,20,29,34,34,34
2019-09-01,34,34,33,19,30,12,34,34,34,34,26,20,29,26,26,20,29,34,34,34
2019-10-01,34,34,33,19,30,12,34,34,34,34,26,20,29,26,26,20,29,34,34,34
2019-11-01,34,34,33,19,30,12,34,34,34,34,26,20,29,26,24,20,29,34,34,34
2019-12-01,34,34,33,19,30,12,34,34,34,34,26,20,29,26,26,20,29,34,34,34
2020-01-01,34,34,33,19,30,12,34,34,34,34,24,20,29,24,24,20,29,34,34,34
2020-02-01,34,34,33,19,30,12,34,34,34,34,24,20,29,24,24,20,29,34,34,34
2020-03-01,34,34,33,19,30,12,34,34,34,34,27,20,29,27,26,20,29,34,34,34
2020-04-01,34,34,33,18,30,11,34,34,34,34,26,20,29,26,23,20,29,34,34,34
2020-05-01,34,34,33,18,30,11,34,34,34,34,26,20,29,26,23,20,29,34,34,34
2020-06-01,34,34,33,18,30,11,34,34,34,34,25,20,29,24,25,20,29,34,34,34
2020-07-01,34,34,33,18,30,11,34,34,34,34,25,20,29,25,25,20,29,34,34,34
2020-08-01,34,34,33,18,30,11,33,33,33,33,25,20,29,25,25,20,29,34,34,34
2020-09-01,34,34,33,18,30,11,33,33,33,33,23,20,29,23,23,20,29,34,34,34
2020-10-01,34,34,33,18,30,11,33,33,33,33,25,20,29,25,25,20,29,34,34,34
2020-11-01,34,34,33,17,30,10,33,33,33,33,25,20,29,25,24,20,29,34,34,34
2020-12-01,34,34,33,18,30,11,33,33,33,33,26,20,29,26,23,20,29,34,34,34
2021-01-01,34,34,33,18,30,11,33,33,33,33,27,20,29,27,25,20,29,34,34,34
2021-02-01,34,34,33,18,30,11,34,34,34,34,27,20,29,27,25,20,29,34,34,34
2021-03-01,34,34,33,19,30,12,34,34,34,34,27,20,29,27,26,20,29,34,34,34
2021-04-01,34,34,33,19,30,12,34,34,34,34,27,20,29,27,27,20,29,34,34,34
2021-05-01,34,34,33,19,30,12,34,34,34,34,27,20,29,27,27,20,29,34,34,34
2021-06-01,34,34,33,19,30,12,34,34,33,33,27,20,29,27,27,20,29,34,34,34
2021-07-01,34,34,33,19,30,12,34,34,33,33,27,20,29,27,27,20,29,34,34,34
2021-08-01,34,34,33,18,30,11,33,33,33,33,26,20,29,26,26,20,29,34,34,34
2021-09-01,34,34,33,19,30,12,33,33,33,33,27,20,29,27,27,20,29,34,34,34
2021-10-01,34,34,33,19,30,12,33,33,33,33,27,20,29,27,27,20,29,34,34,34
2021-11-01,34,34,33,18,30,11,33,33,33,33,25,20,29,25,25,20,29,34,34,34
2021-12-01,34,34,33,18,30,11,33,33,33,33,26,20,29,26,26,20,29,34,34,34
2022-01-01,34,34,33,19,30,12,33,33,33,33,25,20,29,25,25,20,29,34,34,34
2022-02-01,34,34,33,18,30,11,34,34,34,34,27,20,29,27,25,20,29,34,34,34
2022-03-01,34,34,33,19,30,12,34,34,34,34,26,20,29,25,25,20,29,34,34,34
2022-04-01,34,34,33,20,30,13,34,34,34,34,26,20,29,25,24,20,29,34,34,34
2022-05-01,34,34,33,20,30,13,34,34,34,34,26,20,29,25,26,20,29,34,34,34
2022-06-01,34,34,33,20,30,13,34,34,33,33,26,20,29,25,26,20,29,34,34,34
2022-07-01,34,34,33,20,30,13,34,34,33,33,25,20,29,25,25,20,29,34,34,34
2022-08-01,34,34,33,20,30,13,33,33,33,33,25,20,29,25,25,20,29,34,34,34
2022-09-01,34,34,33,20,30,13,33,33,33,33,26,20,29,25,26,20,29,34,34,34
2022-10-01,34,34,33,20,30,13,33,33,33,33,26,20,29,25,25,20,29,34,34,34
2022-11-01,34,34,33,20,30,13,33,33,33,33,25,20,29,25,25,20,29,34,34,34
2022-12-01,34,34,33,20,30,13,33,33,33,33,25,20,29,25,25,20,29,34,34,34
2023-01-01,34,34,33,20,30,13,33,33,33,33,25,20,29,25,25,20,29,34,34,34
2023-02-01,34,34,33,20,30,13,34,34,34,34,26,20,29,26,25,20,29,34,34,34
2023-03-01,34,34,33,20,30,13,34,34,34,34,25,20,29,25,25,20,29,34,34,34
2023-04-01,34,34,33,20,30,13,34,34,34,34,25,20,29,25,25,20,29,34,34,34
2023-05-01,34,34,33,20,30,13,34,34,34,34,25,20,29,25,25,20,29,34,34,34
2023-06-01,34,34,33,20,30,13,34,34,33,33,25,20,29,25,25,20,29,34,34,34
2023-07-01,34,34,33,20,30,13,34,34,33,33,25,20,29,25,25,20,29,34,34,34
2023-08-01,34,34,33,20,30,13,33,33,33,33,25,20,29,25,25,20,29,34,34,34
2023-09-01,34,34,33,20,30,13,33,33,33,33,25,20,29,25,25,20,29,34,34,34
2023-10-01,34,34,33,20,30,13,33,33,33,33,25,20,29,25,25,20,29,34,34,34
2023-11-01,34,34,33,20,30,13,33,33,33,33,25,20,29,25,25,20,29,34,34,34
2023-12-01,34,34,33,20,30,13,33,33,33,33,26,20,29,26,25,20,29,34,34,34
2024-01-01,34,34,33,20,30,13,33,33,33,33,26,19,29,26,25,19,29,34,34,34
2024-02-01,34,34,33,20,30,13,34,34,34,34,26,20,29,26,25,20,29,34,34,34
2024-03-01,34,34,33,19,30,12,34,34,34,34,25,20,29,25,25,20,29,34,34,34
2024-04-01,34,34,33,20,30,13,34,34,34,34,26,20,29,26,26,19,29,34,34,34
2024-05-01,34,34,33,20,30,13,34,34,34,34,26,20,29,26,26,20,29,34,34,34
2024-06-01,34,34,33,19,30,12,34,34,34,34,26,20,29,26,25,20,29,34,34,34
2024-07-01,34,34,33,20,30,13,34,34,34,34,26,20,29,26,26,20,29,34,34,34
2024-08-01,34,34,33,20,30,13,33,33,33,33,26,20,29,26,26,20,29,34,34,34
2024-09-01,34,34,33,20,30,13,33,33,33,33,26,20,29,26,26,20,29,34,34,34
2024-10-01,34,34,33,20,30,13,33,33,33,33,26,20,29,26,26,20,29,34,34,34
2024-11-01,34,34,33,20,30,13,33,33,33,33,26,20,29,26,26,20,29,34,34,34
2024-12-01,34,34,33,20,30,13,33,33,33,33,26,20,29,26,26,20,29,34,34,34
2025-01-01,34,34,33,20,30,13,33,33,33,33,27,20,29,27,26,20,29,34,34,34
2025-02-01,34,34,33,20,30,13,34,34,34,34,27,20,29,27,26,20,29,34,34,34
2025-03-01,34,34,33,20,30,13,34,34,34,34,27,20,29,27,26,20,29,34,34,34
2025-04-01,34,34,33,20,30,13,34,34,34,34,27,20,29,27,27,20,29,34,34,34
2025-05-01,34,34,33,20,30,13,34,34,34,34,27,20,29,27,27,20,29,34,34,34
2025-06-01,34,34,33,20,30,13,34,34,34,34,27,20,29,27,27,20,29,34,34,34
2025-07-01,34,34,33,20,30,13,34,34,34,34,27,20,29,27,27,20,29,34,34,34
2025-08-01,34,34,33,20,30,13,33,33,33,33,27,20,29,27,27,20,29,34,34,34
2025-09-01,34,34,33,20,30,13,33,33,33,33,27,20,29,27,27,20,29,34,34,34
2025-10-01,34,34,33,20,30,13,33,33,33,33,27,20,29,27,27,20,29,34,34,34
2025-11-01,34,34,33,20,30,13,33,33,33,33,27,20,29,27,27,20,29,34,34,34
2025-12-01,34,34,33,19,30,12,33,33,33,33,26,20,28,26,26,20,28,34,34,34
2026-01-01,34,34,33,20,30,13,33,33,33,33,27,20,29,27,27,20,29,34,34,34
2026-02-01,34,34,33,20,30,13,34,34,34,34,27,20,29,27,27,20,29,34,34,34
2026-03-01,34,34,33,20,30,13,34,34,34,34,27,20,29,27,26,20,28,34,34,34
2026-04-01,34,34,33,21,30,14,34,34,34,34,27,20,29,27,27,20,29,34,34,34
2026-05-01,34,34,33,21,30,14,34,34,34,34,27,20,29,27,27,20,29,34,34,34
2026-06-01,34,34,33,21,30,14,34,34,33,33,27,20,29,27,27,20,29,34,34,34
2026-07-01,34,34,33,21,30,14,34,34,33,33,27,20,29,27,27,20,29,34,34,34
2026-08-01,34,34,33,21,30,14,33,33,33,33,27,20,29,27,27,20,29,34,34,34
