date,selection,matched_equal_weight,broad_equal_weight
2006-03-01,1.0085552518449683,1.0307978639571584,1.02507631853343
2006-04-01,1.0777587210693163,1.0834130574831955,1.0790291282374538
2006-05-01,0.9611497835623496,1.0053420021156678,1.001273980067562
2006-06-01,0.9581350246673198,1.0014339676131887,0.9973817590598814
2006-07-01,1.0013575342233811,1.022140428048075,1.0180044327461686
2006-08-01,1.0081455369861114,1.0521878468246515,1.0479302674629778
2006-09-01,1.0233499615121489,1.0710861377452172,1.0667520882231656
2006-10-01,1.0824078222754272,1.1306058317823955,1.1260309414050629
2006-11-01,1.1564740192365928,1.1890365663871847,1.1842252415267023
2006-12-01,1.2350029579438453,1.2371834092144929,1.232177262673671
2007-01-01,1.2717666359695272,1.2520003105162,1.2469342087750053
2007-02-01,1.2475566063066674,1.2417885749450093,1.236763794033309
2007-03-01,1.3243920561846356,1.2909937952524422,1.2857699100352704
2007-04-01,1.4078310511870666,1.3634457089341772,1.3579286538487771
2007-05-01,1.4758551793361436,1.41741277500746,1.4116773472546538
2007-06-01,1.5276844666734497,1.441837408435397,1.436003148695971
2007-07-01,1.5756859274594777,1.4702086782602808,1.4642596168404938
2007-08-01,1.5073221464680169,1.4444098955419737,1.4385652264749298
2007-09-01,1.6391345068576846,1.5654858290601852,1.5591512375925947
2007-10-01,1.7646827812869876,1.6880693300186258,1.6812387159203452
2007-11-01,1.6600793195157006,1.593196266981018,1.5867495478273392
2007-12-01,1.6845949595946261,1.5878725696716434,1.5808228342776813
2008-01-01,1.4813018284788937,1.426735789328629,1.4213129358119956
2008-02-01,1.5353931150523876,1.4744486101929692,1.4571547664158535
2008-03-01,1.488167171674721,1.4357334382906253,1.411229967114448
2008-04-01,1.5864021517670712,1.5078576408751878,1.4814449739806368
2008-05-01,1.5629771067311502,1.5186176546339687,1.4810543527028286
2008-06-01,1.402723066359156,1.3702992592205299,1.3411347966656089
2008-07-01,1.343119218919167,1.3670995058600748,1.3479692670517802
2008-08-01,1.278347128616062,1.3056476746635481,1.298177003118599
2008-09-01,1.1174844939510122,1.115709653246149,1.109826215698182
2008-10-01,0.8489805299658311,0.8396227764743469,0.8361256297417495
2008-11-01,0.8028356972662045,0.7910932518380069,0.7870978972702394
2008-12-01,0.8424203362200469,0.8464966189831212,0.842221454044732
2009-01-01,0.8027955223267251,0.7822719660541377,0.7783211626999827
2009-02-01,0.7185528525373814,0.7153160186503567,0.7117033710694654
2009-03-01,0.7614417389459684,0.7863736397124264,0.7824021211764037
2009-04-01,0.883471971937102,0.9097570055119927,0.9051623489413724
2009-05-01,0.9869046487184042,1.0341281567835925,1.0289053734451394
2009-06-01,0.998729302502867,1.0417910815720184,1.0365295972315223
2009-07-01,1.1338937150021355,1.1645541103203012,1.1586726209089457
2009-08-01,1.1221795226109819,1.1949841595013626,1.1889489855076765
2009-09-01,1.188704037561055,1.2653882692979987,1.258997524856692
2009-10-01,1.1810604469768489,1.2539852661162765,1.2476521116502888
2009-11-01,1.1925133273122082,1.2929490126839838,1.2864190748647504
2009-12-01,1.270006875403896,1.3349726726748317,1.3282304976490384
2010-01-01,1.200080974745231,1.2750796390597199,1.268639949113752
2010-02-01,1.1766828970865442,1.2785577190451196,1.2721004633283348
2010-03-01,1.288471938588436,1.372925827952259,1.3659919734854558
2010-04-01,1.3093597245459734,1.3870863631934256,1.3800809920514057
2010-05-01,1.169547191776299,1.257251625073628,1.2509019741173089
2010-06-01,1.1547766884373547,1.2523418592751836,1.246017004706855
2010-07-01,1.2918404251252298,1.3615024501888768,1.3546262885976228
2010-08-01,1.2931690051053009,1.3315116271006897,1.3247869318147518
2010-09-01,1.4620384024697672,1.483260335152554,1.4757692448904751
2010-10-01,1.5044086079345083,1.5352596096446018,1.5275059011154863
2010-11-01,1.4614304679272911,1.4741850293041538,1.4667397731641476
2010-12-01,1.536022012056222,1.578714783701251,1.5707416082157977
2011-01-01,1.5308417752896064,1.5711923687267386,1.5632571846095082
2011-02-01,1.5314859640993572,1.5861443484536226,1.5781336505327288
2011-03-01,1.6049566488745026,1.6346385035861613,1.6263828897292907
2011-04-01,1.6936114699072378,1.7141439147249302,1.7054867650101602
2011-05-01,1.633784882605736,1.6556362112664913,1.647274550129988
2011-06-01,1.6142854296960807,1.632653876991864,1.6244082863363167
2011-07-01,1.5782713203567214,1.6093651955976942,1.6012372226052598
2011-08-01,1.4117776345010165,1.4743938334494502,1.4669475227604472
2011-09-01,1.236441893615469,1.3026994141787271,1.2961202327196848
2011-10-01,1.3705395930110114,1.448052175402122,1.4407389011959328
2011-11-01,1.3181992192194039,1.365632082894194,1.3587350649160943
2011-12-01,1.3049403549981404,1.3510152686431105,1.3441920717416647
2012-01-01,1.3830208229955767,1.464719015344916,1.457321566567725
2012-02-01,1.452555500784798,1.5508399953608514,1.5430075993127943
2012-03-01,1.4545377017807037,1.5358920652111656,1.5281351625146997
2012-04-01,1.4537021785085427,1.5154584077631386,1.5078047036547424
2012-05-01,1.319487738210293,1.3508146073644933,1.343992423887134
2012-06-01,1.386108343345437,1.4379539889588753,1.430691714853165
2012-07-01,1.410852938543709,1.4593367049386936,1.4519664390990599
2012-08-01,1.4490177137311107,1.4837335855547829,1.4762401051785792
2012-09-01,1.5013894448962426,1.5457405025444286,1.5379338610858213
2012-10-01,1.486821390961874,1.5512657245704926,1.5434311784103745
2012-11-01,1.5124364052960282,1.5746293709417845,1.5666768285138022
2012-12-01,1.5807746945024506,1.6377214088890086,1.629450225060134
2013-01-01,1.6049400202256887,1.7110185260547301,1.7023771608708864
2013-02-01,1.5762929825593641,1.6935142768657077,1.6849613155227392
2013-03-01,1.5698175267451124,1.6920517539708018,1.6835061789852763
2013-04-01,1.616050285699673,1.7335734712759368,1.72481819410611
2013-05-01,1.6229879918250403,1.7045620115708962,1.6959532545082512
2013-06-01,1.5110411490353344,1.6103317677754756,1.6021989131858896
2013-07-01,1.6197479238393042,1.6644012922193772,1.6559953637273632
2013-08-01,1.59047269499388,1.6144882045206406,1.6063343581725014
2013-09-01,1.7144127256087203,1.7184401125152646,1.7097612651897196
2013-10-01,1.811760335925656,1.7979050205560885,1.7888248419303705
2013-11-01,1.8258539059885759,1.7877515317812582,1.778722632556118
2013-12-01,1.8601998079279474,1.779938268672198,1.770948829721026
2014-01-01,1.7970976888374373,1.7091368622255823,1.700505000237674
2014-02-01,1.8857201133951,1.8047211329118376,1.795606530044007
2014-03-01,1.9034119260928741,1.837973463448008,1.8286909222866983
2014-04-01,1.9107854783430502,1.8557596059499573,1.8463872372676526
2014-05-01,1.929914177086581,1.8910669570526266,1.8815162713562708
2014-06-01,1.9376363788093511,1.9219121027654633,1.9122056360742237
2014-07-01,1.8649286096255224,1.9188645233851918,1.9091734482551486
2014-08-01,1.8602149155126129,1.947812981213969,1.9379757041627907
2014-09-01,1.7563083977511464,1.857593361362189,1.848211731441661
2014-10-01,1.7590972405794711,1.8673154567810555,1.8578847261783387
2014-11-01,1.7786617410288028,1.879206138042139,1.8697153544841227
2014-12-01,1.7201133612659913,1.8129673375575435,1.8038110878783897
2015-01-01,1.7183508075880152,1.8083105608691266,1.799177829876259
2015-02-01,1.7362687182004286,1.8817024891711958,1.8721990979871341
2015-03-01,1.7400613897985455,1.8538318776930918,1.84446924485151
2015-04-01,1.8881386097028652,1.9283704655787837,1.918631381431503
2015-05-01,1.85579037457072,1.8935173160036862,1.8839542549611816
2015-06-01,1.782760439403936,1.8497021581294482,1.8403603821133845
2015-07-01,1.6719676064722773,1.8190579946179297,1.8098709845518683
2015-08-01,1.5162519700089765,1.672909366935534,1.6644604690778966
2015-09-01,1.4587443220822818,1.5999401339228756,1.5930953496244054
2015-10-01,1.5786562907714083,1.7096494119018641,1.6987004486384658
2015-11-01,1.53541463652664,1.6631457854051703,1.6552191471600306
2015-12-01,1.5274192391968455,1.6358869083271437,1.6263109065241608
2016-01-01,1.3889419537381893,1.5431166915769412,1.5303687998263154
2016-02-01,1.3601344160391546,1.5411496488728895,1.5307480808946228
2016-03-01,1.4766048883355423,1.6964272245956367,1.6807643371279326
2016-04-01,1.5131696323265158,1.7164833799036165,1.7041549833806044
2016-05-01,1.457799806485818,1.675567914281293,1.6628445169683486
2016-06-01,1.5119861041585256,1.6829786953109065,1.6704008681033764
2016-07-01,1.6012863428889412,1.7561493978356673,1.7398892093813045
2016-08-01,1.5958811220289053,1.7668350535544988,1.74909744769666
2016-09-01,1.611871914279806,1.7728048382480306,1.752105681959559
2016-10-01,1.6351254577365384,1.7596297887934857,1.7440071449965266
2016-11-01,1.5884029979861876,1.6941894171160128,1.6873820294105553
2016-12-01,1.5827154788810027,1.7312630507761502,1.7240569332108344
2017-01-01,1.6927907759752914,1.803159405915045,1.793372682060908
2017-02-01,1.7377960866616808,1.8442578617325187,1.83232067723388
2017-03-01,1.7674069963176435,1.9040865390187807,1.8899337993549958
2017-04-01,1.7992208347259162,1.9573973684868244,1.940840471608347
2017-05-01,1.8484402631852843,2.004551622537349,1.9865314644304877
2017-06-01,1.859370892948479,2.0198254043359465,2.007551725470533
2017-07-01,1.9713788042785836,2.1018271485546762,2.0832817284041294
2017-08-01,2.011539819510731,2.1316034895060767,2.113573935006057
2017-09-01,2.0194832094226474,2.1481341339107165,2.129490645289679
2017-10-01,2.076539137520181,2.1887646750481884,2.1658930868208444
2017-11-01,2.082054722266887,2.2027841939455675,2.1805277120751954
2017-12-01,2.188971121586063,2.278370234590758,2.254399636463555
2018-01-01,2.362082883207252,2.421011388475995,2.396058857129914
2018-02-01,2.2295677208275277,2.3205389297514505,2.2976606432391575
2018-03-01,2.1741090187466217,2.2757464361602326,2.2601390811605304
2018-04-01,2.1861892557712723,2.279631151395505,2.266393172920872
2018-05-01,2.092924991323052,2.186132574555472,2.177762931812521
2018-06-01,1.9871340422889996,2.1354641250917075,2.1296678726350944
2018-07-01,1.9903429054366468,2.2100157668553106,2.2018045814241205
2018-08-01,1.9509602338148084,2.153522735587714,2.1441256642441657
2018-09-01,1.9699197116587923,2.1611535945235887,2.15111615624125
2018-10-01,1.7919234609563452,1.9934686024352386,1.9898780902291178
2018-11-01,1.8280152105520884,2.04822608418201,2.0410669443707197
2018-12-01,1.7832308680902051,1.9767426126965086,1.9732579311497722
2019-01-01,1.917345522964661,2.1356338722692474,2.1332242361285303
2019-02-01,1.9554239293245412,2.1644121533681164,2.160899916438696
2019-03-01,1.9388880562919095,2.1612436004169835,2.160216832439812
2019-04-01,1.9887947534290165,2.2125038979389497,2.213855022535926
2019-05-01,1.9143318408452852,2.0934283539080054,2.092116452088078
2019-06-01,2.0315046783782122,2.2175715920450942,2.2161818926068535
2019-07-01,2.012171069493128,2.19615244018223,2.194776163617649
2019-08-01,1.8966330447649404,2.110023121051313,2.1087008196850263
2019-09-01,1.9536849322537397,2.151691558442804,2.1503431444566394
2019-10-01,2.0067465493395913,2.2070106621621437,2.2056275810077857
2019-11-01,2.0222830948043633,2.2122207635920357,2.2108344173908776
2019-12-01,2.099961168217334,2.310875085055678,2.309426914534796
2020-01-01,2.073923104197279,2.2375387285564976,2.236136516188126
2020-02-01,1.9218351234231021,2.0580681421029223,2.0567783996877504
2020-03-01,1.6045020714266238,1.702240461433567,1.701173707773171
2020-04-01,1.731538345106161,1.8573145302273844,1.8561505953318653
2020-05-01,1.7543270493990246,1.9251398960446513,1.9239334566035686
2020-06-01,1.8768741758715486,2.019390869064523,2.0181253647775845
2020-07-01,1.9690102000126788,2.1090175905415847,2.1076959193173823
2020-08-01,2.031189003692134,2.1650852321021765,2.163728424618897
2020-09-01,2.02526073026208,2.1021410003582597,2.100823638529772
2020-10-01,1.9983536688003156,2.0658242840383427,2.0645296810332674
2020-11-01,2.2360772379223963,2.3761284900917614,2.3746394268120405
2020-12-01,2.391610187901619,2.5310642124678453,2.5294780546514155
2021-01-01,2.4268528190479732,2.514308556697414,2.5127328992524247
2021-02-01,2.4739767638615184,2.5722194324800176,2.57060748366485
2021-03-01,2.4811793220986162,2.6080595445607497,2.6064251355987236
2021-04-01,2.511214903447073,2.6878805778947625,2.6861961469872973
2021-05-01,2.5795268285213617,2.769115536575497,2.767380197649166
2021-06-01,2.5106894496986434,2.7460575793708975,2.744336690318604
2021-07-01,2.501353863369781,2.703406877311827,2.701712716441345
2021-08-01,2.5286370300891727,2.792940447235812,2.7911901778039327
2021-09-01,2.394928141856997,2.676945464008569,2.6752678858772123
2021-10-01,2.4117038268104247,2.749890444635533,2.7481671536176284
2021-11-01,2.238826272962199,2.6290211135674646,2.6273735684880846
2021-12-01,2.3587258325925164,2.72474026593252,2.7230327359341655
2022-01-01,2.3733927626918527,2.665435342396122,2.6637649773845564
2022-02-01,2.342239967081071,2.6458596245729358,2.6442015271987076
2022-03-01,2.396219850971802,2.698598326465091,2.6969071789991967
2022-04-01,2.195128352534737,2.5233513459307906,2.5217700215845986
2022-05-01,2.294258011994896,2.53892974926685,2.5373386623053524
2022-06-01,2.0115651695115377,2.298243340009283,2.2968030855029533
2022-07-01,2.0778376614072815,2.378593128367714,2.377102520557732
2022-08-01,2.1286511300835596,2.342119802635211,2.3406520517920395
2022-09-01,1.9465821377535375,2.1233490740248557,2.1220184216003974
2022-10-01,2.059097993285182,2.2133222664144316,2.21193522992762
2022-11-01,2.324038089637135,2.464608043011279,2.4630635316975766
2022-12-01,2.3257463026886773,2.44027262995744,2.43874336906901
2023-01-01,2.4319269594538513,2.6254408619523284,2.623795560531585
2023-02-01,2.36825534213871,2.5293626257346844,2.527777534262237
2023-03-01,2.3750634464467204,2.586312383703865,2.584691603170942
2023-04-01,2.4028335198047674,2.6181757330586723,2.6165349845216244
2023-05-01,2.2784066549323754,2.531038156073568,2.5294520145860595
2023-06-01,2.412581983577807,2.6517889220997723,2.6501271089756337
2023-07-01,2.5890366577474757,2.7917704772592833,2.7900209410197934
2023-08-01,2.4805573347316536,2.663737931538862,2.662068630254357
2023-09-01,2.389758526725711,2.5635751300927025,2.561968598456492
2023-10-01,2.3289503902196307,2.4632734759996726,2.461729801027413
2023-11-01,2.5361153125859577,2.681336047246741,2.679655717641165
2023-12-01,2.671233558207679,2.822898895295273,2.821129851615655
2024-01-01,2.6069299379533994,2.7663861365941287,2.7646525081179267
2024-02-01,2.686664457452747,2.8580813670910863,2.8562902753921553
2024-03-01,2.8040237181016425,2.9304221083352693,2.9285856824122574
2024-04-01,2.778698472201773,2.8876239978741416,2.8858143925102846
2024-05-01,2.830158791657558,2.953214381590518,2.9513636722912877
2024-06-01,2.811124147948325,2.9529728877564745,2.951122329795693
2024-07-01,2.8586341008432443,3.000895272447989,2.999014682667119
2024-08-01,2.8977121969902297,3.092020729064406,3.0900830331245634
2024-09-01,2.917614871158645,3.198569887954193,3.196565420187553
2024-10-01,2.7523395042091026,3.0439903633477745,3.0420827668971633
2024-11-01,2.744620716210311,3.0089041299451185,3.007018521203506
2024-12-01,2.7404753694838746,2.942922614574534,2.941078354881212
2025-01-01,2.7756426506846696,3.046111597320775,3.044202671543224
2025-02-01,2.9270612487868757,3.0742047541716815,3.0722782230800862
2025-03-01,2.9121497267716117,3.069993752185918,3.068069860029235
2025-04-01,2.940757741501038,3.1553695303191045,3.15339213519037
2025-05-01,3.082164138404149,3.2942203970541013,3.2921559873855917
2025-06-01,3.2083785531002764,3.4176374966424947,3.415495744409451
2025-07-01,3.269477182538856,3.429591384288136,3.4274421408376696
2025-08-01,3.4230814006533308,3.5633395539828667,3.5611064937316455
2025-09-01,3.602506452944473,3.6840638155110588,3.681755100232947
2025-10-01,3.6425852629917546,3.7503856319701034,3.7480353543850944
2025-11-01,3.663014033025152,3.7737550919943508,3.771390169323887
2025-12-01,3.8597609902372296,3.891811583402864,3.8893726775336708
2026-01-01,4.328681596223026,4.151410230779244,4.148808640604516
2026-02-01,4.503224235092972,4.271964890441822,4.269287751525664
2026-03-01,4.10189441696525,3.88404463663734,3.8816105981291815
2026-04-01,4.606184045401698,4.182043760638341,4.179422973158151
2026-05-01,4.75617404180932,4.284070783119784,4.281386057728262
2026-06-01,4.6084635892858214,4.237770800486483,4.23511509019422
2026-07-01,4.769437504473338,4.315132388865633,4.31242819790366
