country,active_pnl
NASDAQ,0.14500212340249052
U.S.,0.1194548694150908
ChinaH,0.09955261848797278
Netherlands,0.08975524270587533
ChinaA,0.08597283994905477
US SmallCap,0.07300194989637435
Indonesia,0.06620708777462725
Hong Kong,0.057973536167851725
Singapore,0.03355694731979196
Thailand,0.033291402614041773
Poland,0.021413306689479793
Chile,0.0095174556009276
Brazil,0.008071106000412373
Turkey,0.00767617183566191
Mexico,0.0049643463137296825
India,0.0
Denmark,-0.0006580864447962411
Korea,-0.003032814248845583
Australia,-0.0049279285891474615
U.K.,-0.006054089456025354
Sweden,-0.006219757081010226
Italy,-0.007457627859267894
Saudi Arabia,-0.010378183581309652
Switzerland,-0.011739956361042197
Japan,-0.013182881721567882
Spain,-0.01742811780769507
Germany,-0.018000599151941698
Taiwan,-0.02407930756218348
Vietnam,-0.030952625572685993
France,-0.03828683121969582
Philippines,-0.042768251659677646
South Africa,-0.05010173153987228
Malaysia,-0.052063591612072725
Canada,-0.07828708044860526
