months,cumulative_return,benchmark_cumulative_return,annualized_return,benchmark_annualized_return,max_drawdown,benchmark_max_drawdown,monthly_outperformance_rate,cumulative_wealth_difference,annualized_return_difference,rolling_12m_outperformance_rate,arm,hold_months,broad_equal_weight_cagr,positive_contribution_markets,top3_share_of_positive_contributions,largest_contributor,active_pnl_excluding_largest_identity,fully_invested_cagr,fully_invested_benchmark_cagr
97,1.6564229615294241,1.0001113108080268,0.12847093652308694,0.08954159384849847,-0.33387562240379254,-0.26266212892539054,0.5876288659793815,0.6563116507213973,0.038929342674588474,0.686046511627907,trees_primitives,1,0.09120511101760309,20,0.39214036666213026,NASDAQ,0.24155873879873618,,
97,0.7721293082751344,1.0001113108080268,0.073350838711707,0.08954159384849847,-0.30770935859833637,-0.26266212892539054,0.4639175257731959,-0.22798200253289247,-0.016190755136791468,0.5116279069767442,trees_states,1,0.09120511101760309,12,0.4832801730203544,NASDAQ,-0.49840949748180596,,
97,1.4399028530639675,1.0001113108080268,0.11666364067624513,0.08954159384849847,-0.26763539697344607,-0.26266212892539054,0.5670103092783505,0.43979154225594064,0.02712204682774666,0.6744186046511628,neural_primitives,1,0.09120511101760309,15,0.4255376766602516,NASDAQ,0.10233259954198437,,
97,1.1241982328635132,1.0001113108080268,0.09768501957527942,0.08954159384849847,-0.2906779708909415,-0.26266212892539054,0.4536082474226804,0.12408692205548633,0.00814342572678095,0.6395348837209303,neural_states,1,0.09120511101760309,14,0.5349252066694223,US SmallCap,-0.2521442356878218,,
97,1.4094354399364097,1.0001113108080268,0.11492910522946742,0.08954159384849847,-0.256780648626742,-0.26266212892539054,0.6082474226804123,0.4093241291283829,0.025387511380968952,0.686046511627907,value_momentum,1,0.09120511101760309,14,0.5390724527164062,Korea,0.1280765625280355,,
97,1.1622416937955151,1.0360235091315682,0.10009819487083971,0.09194290952424589,-0.2901832751375619,-0.25935194757081037,0.4742268041237113,0.12621818466394696,0.008155285346593821,0.6395348837209303,trees_primitives,12,0.09315157734360469,16,0.5775814347664512,NASDAQ,-0.2180943402085153,0.11563010956619646,0.10674829331905111
97,1.2434035054632266,1.0360235091315682,0.10512454308659347,0.09194290952424589,-0.2720791402746494,-0.25935194757081037,0.5257731958762887,0.2073799963316585,0.013181633562347583,0.6627906976744186,trees_states,12,0.09315157734360469,16,0.5619165107965508,NASDAQ,-0.13978690701026417,0.12293807440066296,0.10674829331905111
97,1.0733507433481426,1.0360235091315682,0.09439982170279504,0.09194290952424589,-0.26053320958089776,-0.25935194757081037,0.5567010309278351,0.03732723421657447,0.0024569121785491532,0.5348837209302325,neural_primitives,12,0.09315157734360469,14,0.6672085882683428,NASDAQ,-0.25958550427333815,0.11065268328279587,0.10674829331905111
97,1.119343314548079,1.0360235091315682,0.09737434233652764,0.09194290952424589,-0.25907612868142715,-0.25935194757081037,0.5567010309278351,0.08331980541651074,0.005431432812281756,0.6744186046511628,neural_states,12,0.09315157734360469,13,0.7873502957154449,US SmallCap,-0.3469066286953144,0.11419476912726445,0.10674829331905111
97,0.7335982430634802,1.0360235091315682,0.07043582131832582,0.09194290952424589,-0.3016053235384002,-0.25935194757081037,0.4845360824742268,-0.30242526606808795,-0.021507088205920066,0.3488372093023256,value_momentum,12,0.09315157734360469,11,0.6260337608525769,Spain,-0.41823171123767344,0.08306061330384562,0.10674829331905111
