n_days,start,end,n_top,cost_bps_one_way,gross_top_ann_return,gross_ew_ann_return,top_excess_ann_return,top_excess_sharpe,top_excess_nw_t,ls_ann_return,ls_sharpe,ls_nw_t,avg_turnover_top_oneway,avg_turnover_ls_oneway,expression,hold_days,coverage_max_n,coverage_note,harness_version,lag_days_effective
6761,2000-04-04,2026-07-10,7,,0.2565976162495558,0.07929384371939996,0.16862707058039716,1.7776916452103195,8.988897467462708,0.2915638307775765,1.783044396591979,8.813054013052168,0.22395250068671158,0.4473978912671413,local_index,1,32,"all T2 names; diagnostic, not directly tradable",4,1
6761,2000-04-04,2026-07-10,7,2.5,0.2565976162495558,0.07929384371939996,0.1361350197423825,1.4649413155649407,7.438990805340203,0.22084780138844162,1.4077759303358346,6.985913462246305,0.22395250068671158,0.4473978912671413,local_index,1,32,"all T2 names; diagnostic, not directly tradable",4,1
6761,2000-04-04,2026-07-10,7,5.0,0.2565976162495558,0.07929384371939996,0.10454151998621297,1.1516130373891293,5.872569848924133,0.15398568187925865,1.0318468236993998,5.140662530907187,0.22395250068671158,0.4473978912671413,local_index,1,32,"all T2 names; diagnostic, not directly tradable",4,1
6761,2000-04-04,2026-07-10,7,10.0,0.2565976162495558,0.07929384371939996,0.04395198910341924,0.5237927312096874,2.693267361843965,0.030998242878112148,0.2786014370166669,1.3988611787835723,0.22395250068671158,0.4473978912671413,local_index,1,32,"all T2 names; diagnostic, not directly tradable",4,1
6761,2000-04-04,2026-07-10,7,25.0,0.2565976162495558,0.07929384371939996,-0.11868700683076305,-1.3586274308934267,-7.151380549199615,-0.26503297232612544,-1.9814110731925767,-10.173391495636686,0.22395250068671158,0.4473978912671413,local_index,1,32,"all T2 names; diagnostic, not directly tradable",4,1
6780,2000-04-04,2026-07-10,7,,0.16837277744170853,0.0801646202669608,0.08524386995104205,1.0986815925133513,5.8901512238127545,0.1221315196977073,0.9474381111427281,4.993518039755369,0.08680573114201434,0.1727812895069532,local_index,5,32,"all T2 names; diagnostic, not directly tradable",4,1
6780,2000-04-04,2026-07-10,7,2.5,0.16837277744170853,0.0801646202669608,0.07344257296616874,0.9570246692533108,5.136089946561984,0.09797761132770488,0.7808713194793817,4.119846791011718,0.08680573114201434,0.1727812895069532,local_index,5,32,"all T2 names; diagnostic, not directly tradable",4,1
6780,2000-04-04,2026-07-10,7,5.0,0.16837277744170853,0.0801646202669608,0.06176901190052697,0.8153348910521013,4.380200412703316,0.07434134159092931,0.6142558251357478,3.244080972582724,0.08680573114201434,0.1727812895069532,local_index,5,32,"all T2 names; diagnostic, not directly tradable",4,1
6780,2000-04-04,2026-07-10,7,10.0,0.16837277744170853,0.0801646202669608,0.038799607639827816,0.5318813671680777,2.8631892408828006,0.02857777385055038,0.2809065965313819,1.486519550061397,0.08680573114201434,0.1727812895069532,local_index,5,32,"all T2 names; diagnostic, not directly tradable",4,1
6780,2000-04-04,2026-07-10,7,25.0,0.16837277744170853,0.0801646202669608,-0.027183063273067187,-0.3186275531326265,-1.724995474894737,-0.09739114801021187,-0.7195840561296603,-3.8296697755264706,0.08680573114201434,0.1727812895069532,local_index,5,32,"all T2 names; diagnostic, not directly tradable",4,1
6791,2000-04-04,2026-07-10,7,,0.11634302719110545,0.0804584964687034,0.03534791908674961,0.6177383392397608,3.5117930866272977,0.05233971582969987,0.5482563493969039,3.036469261763387,0.03390842421492231,0.06800316946098126,local_index,21,32,"all T2 names; diagnostic, not directly tradable",4,1
6791,2000-04-04,2026-07-10,7,2.5,0.11634302719110545,0.0804584964687034,0.03093445224444813,0.5454005268913704,3.1037415854100403,0.043363171090195385,0.46480565139219837,2.5771352513397336,0.03390842421492231,0.06800316946098126,local_index,21,32,"all T2 names; diagnostic, not directly tradable",4,1
6791,2000-04-04,2026-07-10,7,5.0,0.11634302719110545,0.0804584964687034,0.026539717098901905,0.4730601361779318,2.6948153457216115,0.034462870311365634,0.3813491820312032,2.116735486250573,0.03390842421492231,0.06800316946098126,local_index,21,32,"all T2 names; diagnostic, not directly tradable",4,1
6791,2000-04-04,2026-07-10,7,10.0,0.11634302719110545,0.0804584964687034,0.017806125616985913,0.32837346871680084,1.8743771738423634,0.01688842679488567,0.21442126255302105,1.1927777619869393,0.03390842421492231,0.06800316946098126,local_index,21,32,"all T2 names; diagnostic, not directly tradable",4,1
6791,2000-04-04,2026-07-10,7,25.0,0.11634302719110545,0.0804584964687034,-0.007953251824246221,-0.10570033143965565,-0.6069037764001672,-0.03407100256267892,-0.28644031161222594,-1.6036277813701725,0.03390842421492231,0.06800316946098126,local_index,21,32,"all T2 names; diagnostic, not directly tradable",4,1
5881,2000-02-02,2026-07-21,2,,0.2858221249262838,0.027581958869972834,0.2536913052236087,2.404154451995425,11.35862290190495,0.5508677620515978,2.673692929284569,12.694686515157393,0.23907498724706683,0.4746641727597347,futures,1,6,six mapped equity-index futures; roll-aware generic-2,4,1
5881,2000-02-02,2026-07-21,2,2.5,0.2858221249262838,0.027581958869972834,0.21653458988473506,2.093300169768214,9.969224633982588,0.46103211590105064,2.324577166047925,11.116212519874098,0.23907498724706683,0.4746641727597347,futures,1,6,six mapped equity-index futures; roll-aware generic-2,4,1
5881,2000-02-02,2026-07-21,2,5.0,0.2858221249262838,0.027581958869972834,0.1804693117223486,1.7806493911686319,8.546893203576772,0.3763668360755803,1.9736940928357711,9.504535052963078,0.23907498724706683,0.4746641727597347,futures,1,6,six mapped equity-index futures; roll-aware generic-2,4,1
5881,2000-02-02,2026-07-21,2,10.0,0.2858221249262838,0.027581958869972834,0.11148689583153759,1.1518667676634242,5.612681624889732,0.2213815689753471,1.268097825608115,6.18933693505134,0.23907498724706683,0.4746641727597347,futures,1,6,six mapped equity-index futures; roll-aware generic-2,4,1
5881,2000-02-02,2026-07-21,2,25.0,0.2858221249262838,0.027581958869972834,-0.07238778414666913,-0.7274816524917579,-3.6817703724533626,-0.14700119200886785,-0.8521361467363902,-4.30414869634816,0.23907498724706683,0.4746641727597347,futures,1,6,six mapped equity-index futures; roll-aware generic-2,4,1
6248,2000-02-02,2026-07-21,2,,0.0939801502268065,0.03248226791285558,0.06093470569692472,0.8245787701590183,4.956625577759688,0.11839182826902084,0.8629947885324382,5.208529107739134,0.08153008962868118,0.16238796414852752,futures,5,6,six mapped equity-index futures; roll-aware generic-2,4,1
6248,2000-02-02,2026-07-21,2,2.5,0.0939801502268065,0.03248226791285558,0.050093287873745895,0.6878260222546521,4.142695822845358,0.09574606087481907,0.7179846393261068,4.339123117455999,0.08153008962868118,0.16238796414852752,futures,5,6,six mapped equity-index futures; roll-aware generic-2,4,1
6248,2000-02-02,2026-07-21,2,5.0,0.0939801502268065,0.03248226791285558,0.0393619797753848,0.5510813645504423,3.3253057463042737,0.07355645507634057,0.573002159920661,3.4672999999465106,0.08153008962868118,0.16238796414852752,futures,5,6,six mapped equity-index futures; roll-aware generic-2,4,1
6248,2000-02-02,2026-07-21,2,10.0,0.0939801502268065,0.03248226791285558,0.018225258053632176,0.2776835235359268,1.6813927979368155,0.030509347606470616,0.2831687000500508,1.7174386862840751,0.08153008962868118,0.16238796414852752,futures,5,6,six mapped equity-index futures; roll-aware generic-2,4,1
6248,2000-02-02,2026-07-21,2,25.0,0.0939801502268065,0.03248226791285558,-0.042655596659989414,-0.5405759078465765,-3.2998340402886743,-0.08859809223750137,-0.5844124530100621,-3.5626597884828017,0.08153008962868118,0.16238796414852752,futures,5,6,six mapped equity-index futures; roll-aware generic-2,4,1
6525,2000-02-02,2026-07-21,2,,0.07003682466155015,0.04155797422339802,0.027944372926419048,0.5022431220204806,3.3591313595752403,0.05806121584346435,0.5566441439241577,3.7215475074598148,0.032005108556832695,0.06383506659368728,futures,21,6,six mapped equity-index futures; roll-aware generic-2,4,1
6525,2000-02-02,2026-07-21,2,2.5,0.07003682466155015,0.04155797422339802,0.023807551507467828,0.4329883393902647,2.9000104051511766,0.04958560534486556,0.4853057277313277,3.2482206900539135,0.032005108556832695,0.06383506659368728,futures,21,6,six mapped equity-index futures; roll-aware generic-2,4,1
6525,2000-02-02,2026-07-21,2,5.0,0.07003682466155015,0.04155797422339802,0.01968729918972656,0.3637412938133687,2.4395857498335505,0.04117758725875853,0.4139779068589307,2.7738527289877295,0.032005108556832695,0.06383506659368728,futures,21,6,six mapped equity-index futures; roll-aware generic-2,4,1
6525,2000-02-02,2026-07-21,2,10.0,0.07003682466155015,0.04155797422339802,0.01149623792890564,0.22527356511537144,1.514965866065631,0.024562185999653652,0.27135624516557605,1.8221070067353315,0.032005108556832695,0.06383506659368728,futures,21,6,six mapped equity-index futures; roll-aware generic-2,4,1
6525,2000-02-02,2026-07-21,2,25.0,0.07003682466155015,0.04155797422339802,-0.012686102673826971,-0.18986212258174395,-1.2864195340376208,-0.02371674519183975,-0.1561975083938103,-1.0550965677869815,0.032005108556832695,0.06383506659368728,futures,21,6,six mapped equity-index futures; roll-aware generic-2,4,1
5034,2004-01-05,2026-08-21,7,,-0.0018535995751127743,0.029044930379530598,-0.02880433252832648,-0.6257588765375931,-2.792534799741444,-0.03318852447769616,-0.38364595103417115,-1.7174245241420678,0.24135876042908216,0.48158238265508824,etf_market_open,1,32,next US ETF session open-to-close,4,1
5034,2004-01-05,2026-08-21,7,2.5,-0.0018535995751127743,0.029044930379530598,-0.05790012350903917,-1.3003523479429948,-5.813505676433473,-0.09012788005161121,-1.1443626987967588,-5.131295936349276,0.24135876042908216,0.48158238265508824,etf_market_open,1,32,next US ETF session open-to-close,4,1
5034,2004-01-05,2026-08-21,7,5.0,-0.0018535995751127743,0.029044930379530598,-0.08612864070359305,-1.9738511966003844,-8.836577045468804,-0.14372849984610303,-1.9034175789989847,-8.545974630948285,0.24135876042908216,0.48158238265508824,etf_market_open,1,32,next US ETF session open-to-close,4,1
5034,2004-01-05,2026-08-21,7,10.0,-0.0018535995751127743,0.029044930379530598,-0.14008597623976382,-3.3130689067419956,-14.852405421685969,-0.24168185920333662,-3.413056521110346,-15.347494069956099,0.24135876042908216,0.48158238265508824,etf_market_open,1,32,next US ETF session open-to-close,4,1
5034,2004-01-05,2026-08-21,7,25.0,-0.0018535995751127743,0.029044930379530598,-0.2836674748479112,-7.192744023115017,-32.03971431987048,-0.4735071029843426,-7.81531998307572,-35.01331493550479,0.24135876042908216,0.48158238265508824,etf_market_open,1,32,next US ETF session open-to-close,4,1
5439,2004-01-05,2026-08-21,7,,0.0042190505916017695,0.026687733785227596,-0.02075741285638466,-0.4942983109102107,-2.3104580629069793,-0.026374115950223098,-0.3220754640451867,-1.4890598346842883,0.09253801906863134,0.18399390644288605,etf_market_open,5,32,next US ETF session open-to-close,4,1
5439,2004-01-05,2026-08-21,7,2.5,0.0042190505916017695,0.026687733785227596,-0.03211011500146166,-0.7803894580058639,-3.649873598862099,-0.04869051024128768,-0.6336048687338421,-2.930337510070333,0.09253801906863134,0.18399390644288605,etf_market_open,5,32,next US ETF session open-to-close,4,1
5439,2004-01-05,2026-08-21,7,5.0,0.0042190505916017695,0.026687733785227596,-0.04333178011446437,-1.066435559347038,-4.990349375136552,-0.07049751679475458,-0.9450327711549301,-4.371895523366116,0.09253801906863134,0.18399390644288605,etf_market_open,5,32,next US ETF session open-to-close,4,1
5439,2004-01-05,2026-08-21,7,10.0,0.0042190505916017695,0.026687733785227596,-0.06538800522012778,-1.6382575959052772,-7.672822048641907,-0.11262941925832737,-1.5674822177317091,-7.2545476561836555,0.09253801906863134,0.18399390644288605,etf_market_open,5,32,next US ETF session open-to-close,4,1
5439,2004-01-05,2026-08-21,7,25.0,0.0042190505916017695,0.026687733785227596,-0.1285648952415751,-3.349144216579684,-15.702396208923352,-0.2279514731478054,-3.4297590414399606,-15.875368340392276,0.09253801906863134,0.18399390644288605,etf_market_open,5,32,next US ETF session open-to-close,4,1
5672,2004-01-05,2026-08-21,7,,0.0063813362518050365,0.024585993537662443,-0.01682376480875236,-0.48107387424814474,-2.432768399284955,-0.004376108701953818,-0.03699945335685464,-0.18685237371842486,0.03587979620621168,0.07190951133626933,etf_market_open,21,32,next US ETF session open-to-close,4,1
5672,2004-01-05,2026-08-21,7,2.5,0.0063813362518050365,0.024585993537662443,-0.021258884773109554,-0.6137910233897572,-3.1065610713124028,-0.013356726810582864,-0.179182128136553,-0.9056112162811047,0.03587979620621168,0.07190951133626933,etf_market_open,21,32,next US ETF session open-to-close,4,1
5672,2004-01-05,2026-08-21,7,5.0,0.0063813362518050365,0.024585993537662443,-0.025674080530415755,-0.7465038569298255,-3.7814084134821013,-0.02225666689003314,-0.3213620489570462,-1.6254671518172141,0.03587979620621168,0.07190951133626933,etf_market_open,21,32,next US ETF session open-to-close,4,1
5672,2004-01-05,2026-08-21,7,10.0,0.0063813362518050365,0.024585993537662443,-0.03444505556930255,-1.0119114549354455,-5.134091167404303,-0.039817393853078586,-0.6057095917350583,-3.0683088315994556,0.03587979620621168,0.07190951133626933,etf_market_open,21,32,next US ETF session open-to-close,4,1
5672,2004-01-05,2026-08-21,7,25.0,0.0063813362518050365,0.024585993537662443,-0.06028898846061659,-1.8078975568626063,-9.212803406980349,-0.09063706176046638,-1.4585811983847305,-7.418900862122187,0.03587979620621168,0.07190951133626933,etf_market_open,21,32,next US ETF session open-to-close,4,1
5033,2004-01-06,2026-08-21,7,,0.09145149896270399,0.08312664683433058,0.011508987874302434,0.19105944303262462,0.9300493242994106,-0.018416659763164533,-0.08096338113332786,-0.38884102091766143,0.24134994748942684,0.4815645312366949,etf_close_to_close,1,32,US ETF close-to-close,4,1
5033,2004-01-06,2026-08-21,7,2.5,0.09145149896270399,0.08312664683433058,-0.018788962125789066,-0.21798839346363266,-1.066030862456019,-0.07622007511464357,-0.5541648058505554,-2.671652013182352,0.24134994748942684,0.4815645312366949,etf_close_to_close,1,32,US ETF close-to-close,4,1
5033,2004-01-06,2026-08-21,7,5.0,0.09145149896270399,0.08312664683433058,-0.04818397125187457,-0.6268881926341772,-3.079206606340699,-0.13063443549374,-1.027080520799826,-4.969761175916962,0.24134994748942684,0.4815645312366949,etf_close_to_close,1,32,US ETF close-to-close,4,1
5033,2004-01-06,2026-08-21,7,10.0,0.09145149896270399,0.08312664683433058,-0.10437146978247902,-1.4432333241115158,-7.147127716984275,-0.23007581968043422,-1.9712038474974998,-9.6034881019201,0.24134994748942684,0.4815645312366949,etf_close_to_close,1,32,US ETF close-to-close,4,1
5033,2004-01-06,2026-08-21,7,25.0,0.09145149896270399,0.08312664683433058,-0.25389079435830875,-3.862861828134724,-19.491166659909872,-0.46542852452914185,-4.774913514345078,-23.641761850096824,0.24134994748942684,0.4815645312366949,etf_close_to_close,1,32,US ETF close-to-close,4,1
5438,2004-01-06,2026-08-21,7,,0.10936734498274636,0.08171291537479952,0.02959380609104323,0.46947835821167033,2.35241341769454,0.017841477979283926,0.20784828119490628,1.0294615243539624,0.09253401986024275,0.18398570903168182,etf_close_to_close,5,32,US ETF close-to-close,4,1
5438,2004-01-06,2026-08-21,7,2.5,0.10936734498274636,0.08171291537479952,0.01766016063588527,0.2951391314704342,1.480343353999412,-0.005483156486486784,0.013252669882467987,0.06570041912023157,0.09253401986024275,0.18398570903168182,etf_close_to_close,5,32,US ETF close-to-close,4,1
5438,2004-01-06,2026-08-21,7,5.0,0.10936734498274636,0.08171291537479952,0.005864225395536327,0.1207999442803738,0.6064960730641518,-0.028275508565685725,-0.18133628848364977,-0.8997901172246517,0.09253401986024275,0.18398570903168182,etf_close_to_close,5,32,US ETF close-to-close,4,1
5438,2004-01-06,2026-08-21,7,10.0,0.10936734498274636,0.08171291537479952,-0.01732082480116992,-0.22784772481531748,-1.1460952900610142,-0.07231147727736364,-0.5704693288749395,-2.8355933116974827,0.09253401986024275,0.18398570903168182,etf_close_to_close,5,32,US ETF close-to-close,4,1
5438,2004-01-06,2026-08-21,7,25.0,0.10936734498274636,0.08171291537479952,-0.08373179377957352,-1.2729953581222417,-6.435003356110793,-0.19284776245024993,-1.7370615869899044,-8.67482433544904,0.09253401986024275,0.18398570903168182,etf_close_to_close,5,32,US ETF close-to-close,4,1
5671,2004-01-06,2026-08-21,7,,0.09464439950576886,0.08083446939869843,0.015748617058501724,0.3256606864658696,1.8045993785514243,0.014803152614133008,0.19971455676614752,1.0983069881037415,0.03587772615658853,0.07190539767308791,etf_close_to_close,21,32,US ETF close-to-close,4,1
5671,2004-01-06,2026-08-21,7,2.5,0.09464439950576886,0.08083446939869843,0.011167307964980777,0.23897711108863234,1.3256521756678452,0.005650449909767374,0.10648929040269745,0.5862639274397905,0.03587772615658853,0.07190539767308791,etf_close_to_close,21,32,US ETF close-to-close,4,1
5671,2004-01-06,2026-08-21,7,5.0,0.09464439950576886,0.08083446939869843,0.006606576463744629,0.15229996461716552,0.8457210818280785,-0.0034200370583975515,0.013268652188545716,0.07312808204874323,0.03587772615658853,0.07190539767308791,etf_close_to_close,21,32,US ETF close-to-close,4,1
5671,2004-01-06,2026-08-21,7,10.0,0.09464439950576886,0.08083446939869843,-0.0024535215266937582,-0.021033619591057606,-0.11704104192497088,-0.021317299293347247,-0.17315760451736487,-0.9563786409729524,0.03587772615658853,0.07190539767308791,etf_close_to_close,21,32,US ETF close-to-close,4,1
5671,2004-01-06,2026-08-21,7,25.0,0.09464439950576886,0.08083446939869843,-0.029149441825619626,-0.5408431384078206,-3.027563405278178,-0.07311106649002497,-0.7322957991868705,-4.069969422496168,0.03587772615658853,0.07190539767308791,etf_close_to_close,21,32,US ETF close-to-close,4,1
