hold_months,arm,year,return,months
1,equal_weight,2018,-0.07693663687482355,6
1,equal_weight,2019,0.17653347053990642,12
1,equal_weight,2020,0.09553302291112464,12
1,equal_weight,2021,0.06231212981561107,12
1,equal_weight,2022,-0.11214123695790512,12
1,equal_weight,2023,0.15478406081924967,12
1,equal_weight,2024,0.0399488804448529,12
1,equal_weight,2025,0.3313531017136635,12
1,equal_weight,2026,0.11478428852556699,7
1,broad_equal_weight,2018,-0.07344334931051566,6
1,broad_equal_weight,2019,0.17036241338665037,12
1,broad_equal_weight,2020,0.09528387269226402,12
1,broad_equal_weight,2021,0.07651961278210218,12
1,broad_equal_weight,2022,-0.10440174409714698,12
1,broad_equal_weight,2023,0.15679652373288522,12
1,broad_equal_weight,2024,0.04251789516064397,12
1,broad_equal_weight,2025,0.3224308257815045,12
1,broad_equal_weight,2026,0.10877217367564174,7
1,market_only,2018,-0.043219411207545466,6
1,market_only,2019,0.14268661103521585,12
1,market_only,2020,0.007202082249851749,12
1,market_only,2021,0.05902302550471994,12
1,market_only,2022,-0.13008983709786437,12
1,market_only,2023,0.1269208566745499,12
1,market_only,2024,-0.06240114310918299,12
1,market_only,2025,0.2852283691764266,12
1,market_only,2026,0.19248796373718258,7
1,primitives,2018,-0.0810358618896756,6
1,primitives,2019,0.23796833437881748,12
1,primitives,2020,0.22295065270415293,12
1,primitives,2021,0.229506426055208,12
1,primitives,2022,-0.16976766966266577,12
1,primitives,2023,0.19791068506058052,12
1,primitives,2024,0.07834888615839875,12
1,primitives,2025,0.2190445340893794,12
1,primitives,2026,0.15560853218181947,7
1,states,2018,-0.08668400624296724,6
1,states,2019,0.24852528855002842,12
1,states,2020,0.2095889078519857,12
1,states,2021,0.24925789690685796,12
1,states,2022,-0.20832985895521783,12
1,states,2023,0.26077851532351404,12
1,states,2024,0.07113798979208852,12
1,states,2025,0.22884731099125433,12
1,states,2026,0.08467448968872482,7
1,states_interactions,2018,-0.08532468538890081,6
1,states_interactions,2019,0.24983018577990324,12
1,states_interactions,2020,0.25980517919586266,12
1,states_interactions,2021,0.2505882746588757,12
1,states_interactions,2022,-0.2082354538913176,12
1,states_interactions,2023,0.2641736011138611,12
1,states_interactions,2024,0.06221227978010746,12
1,states_interactions,2025,0.21167148436995875,12
1,states_interactions,2026,0.08651657139273117,7
1,primitives_interactions,2018,-0.09006942901148829,6
1,primitives_interactions,2019,0.24994247683887805,12
1,primitives_interactions,2020,0.23145394898194493,12
1,primitives_interactions,2021,0.231923331047176,12
1,primitives_interactions,2022,-0.21050500539133699,12
1,primitives_interactions,2023,0.2095054589389227,12
1,primitives_interactions,2024,0.07149751805383997,12
1,primitives_interactions,2025,0.21904453408937785,12
1,primitives_interactions,2026,0.1026404202027309,7
1,value_momentum,2018,-0.10261168590515257,6
1,value_momentum,2019,0.20838337494966752,12
1,value_momentum,2020,0.12755006180105277,12
1,value_momentum,2021,-0.018343285479303306,12
1,value_momentum,2022,-0.007548987161521747,12
1,value_momentum,2023,0.13837334176746463,12
1,value_momentum,2024,0.02093857266451926,12
1,value_momentum,2025,0.4084275426143147,12
1,value_momentum,2026,0.2356820840816356,7
12,equal_weight,2018,-0.033964542391963115,6
12,equal_weight,2019,0.13234149302679854,12
12,equal_weight,2020,0.09700949202807285,12
12,equal_weight,2021,0.06458927298833217,12
12,equal_weight,2022,-0.11118959333930545,12
12,equal_weight,2023,0.15064872589283906,12
12,equal_weight,2024,0.04050879735137891,12
12,equal_weight,2025,0.33578932839908604,12
12,equal_weight,2026,0.12120289482455848,7
12,broad_equal_weight,2018,-0.032168707771349614,6
12,broad_equal_weight,2019,0.12631999909521996,12
12,broad_equal_weight,2020,0.09628331907554366,12
12,broad_equal_weight,2021,0.07899336322383732,12
12,broad_equal_weight,2022,-0.10459250060836212,12
12,broad_equal_weight,2023,0.15210410977865418,12
12,broad_equal_weight,2024,0.04319693071258213,12
12,broad_equal_weight,2025,0.326849925262086,12
12,broad_equal_weight,2026,0.11573962918992686,7
12,market_only,2018,-0.010325557073833314,6
12,market_only,2019,0.12391389666938557,12
12,market_only,2020,0.044865602107890146,12
12,market_only,2021,0.023227135208344185,12
12,market_only,2022,-0.10767827573269195,12
12,market_only,2023,0.14602380345701627,12
12,market_only,2024,0.03365566680285359,12
12,market_only,2025,0.3057367010488856,12
12,market_only,2026,0.1689007958149702,7
12,primitives,2018,-0.043332943320748996,6
12,primitives,2019,0.20142276698699746,12
12,primitives,2020,0.2175228967920535,12
12,primitives,2021,0.1932246413389087,12
12,primitives,2022,-0.18278610235874748,12
12,primitives,2023,0.23477756585376341,12
12,primitives,2024,0.07600709070372513,12
12,primitives,2025,0.1995538427912913,12
12,primitives,2026,0.11479082611839408,7
12,states,2018,-0.0455446543898923,6
12,states,2019,0.20552502475310197,12
12,states,2020,0.21838528460496365,12
12,states,2021,0.20722768076218867,12
12,states,2022,-0.1972085283243733,12
12,states,2023,0.2517487644080183,12
12,states,2024,0.08352458268971996,12
12,states,2025,0.21087898022635243,12
12,states,2026,0.12222831858761274,7
12,states_interactions,2018,-0.04542882477312182,6
12,states_interactions,2019,0.2051797881989854,12
12,states_interactions,2020,0.22759018300162404,12
12,states_interactions,2021,0.20954969064179507,12
12,states_interactions,2022,-0.19078445883810413,12
12,states_interactions,2023,0.25402407278650996,12
12,states_interactions,2024,0.07367885345574687,12
12,states_interactions,2025,0.2080576781534189,12
12,states_interactions,2026,0.1227735632324598,7
12,primitives_interactions,2018,-0.04633374265059487,6
12,primitives_interactions,2019,0.2028294462618121,12
12,primitives_interactions,2020,0.2232376329307686,12
12,primitives_interactions,2021,0.1944633617445073,12
12,primitives_interactions,2022,-0.18660357724239163,12
12,primitives_interactions,2023,0.23716348876899462,12
12,primitives_interactions,2024,0.0775525778582078,12
12,primitives_interactions,2025,0.19910539416190476,12
12,primitives_interactions,2026,0.11057445209925243,7
12,value_momentum,2018,-0.037578355177641076,6
12,value_momentum,2019,0.11149653467304455,12
12,value_momentum,2020,0.03628696541527021,12
12,value_momentum,2021,-0.04478634268393833,12
12,value_momentum,2022,-0.0681554572975096,12
12,value_momentum,2023,0.1201172487774258,12
12,value_momentum,2024,-0.017129993525204945,12
12,value_momentum,2025,0.4397839656763034,12
12,value_momentum,2026,0.10839367437030867,7
