fit_date,arm,feature,coefficient
2018-07-01,market_only,cheap_pb_z,0.003826404168758453
2018-07-01,market_only,momentum_12_1_z,-0.003432313930458628
2018-07-01,market_only,return_vol_12m_z,0.0025813478129609797
2018-07-01,primitives,gdp_expectation_z,-0.0046841557670758115
2018-07-01,primitives,gdp_revision_3m_z,-0.007353746429028074
2018-07-01,primitives,cpi_expectation_z,-0.0019592499447343426
2018-07-01,primitives,cpi_revision_3m_z,0.002133587769797429
2018-07-01,primitives,yield_2y_z,-0.0010272141398299467
2018-07-01,primitives,yield_2y_change_3m_z,0.00021633814662770117
2018-07-01,primitives,curve_2s10s_z,0.0030195664375870196
2018-07-01,primitives,cds_5y_z,0.0070432264764664285
2018-07-01,primitives,cds_5y_change_3m_z,0.0015325044308384232
2018-07-01,primitives,fx_vol_1m_z,0.0035658626307399494
2018-07-01,primitives,fx_vol_change_3m_z,0.0029465394164406747
2018-07-01,primitives,cheap_pb_z,0.0034475679026247552
2018-07-01,primitives,momentum_12_1_z,-0.00018777327637620482
2018-07-01,primitives,return_vol_12m_z,0.0007892537050264906
2018-07-01,primitives,missing_gdp_expectation_z,0.0
2018-07-01,primitives,missing_gdp_revision_3m_z,0.0
2018-07-01,primitives,missing_cpi_expectation_z,0.0
2018-07-01,primitives,missing_cpi_revision_3m_z,0.0
2018-07-01,primitives,missing_yield_2y_z,-9.020792658037226e-05
2018-07-01,primitives,missing_yield_2y_change_3m_z,-0.0008588800715059735
2018-07-01,primitives,missing_curve_2s10s_z,-0.006759225060922235
2018-07-01,primitives,missing_cds_5y_z,0.005396905255452389
2018-07-01,primitives,missing_cds_5y_change_3m_z,0.005396905255452391
2018-07-01,primitives,missing_fx_vol_1m_z,0.004853612719723983
2018-07-01,primitives,missing_fx_vol_change_3m_z,0.006385381165129226
2018-07-01,states,growth,-0.009078777736374492
2018-07-01,states,inflation,0.0008023469395795783
2018-07-01,states,policy_tightness,-0.0017947698941362864
2018-07-01,states,financial_stress,0.007538585478908949
2018-07-01,states,cheap_pb_z,0.004145784861513146
2018-07-01,states,momentum_12_1_z,-0.0009693873292570799
2018-07-01,states,return_vol_12m_z,0.0014528210622203066
2018-07-01,states,missing_gdp_expectation_z,0.0
2018-07-01,states,missing_gdp_revision_3m_z,0.0
2018-07-01,states,missing_cpi_expectation_z,0.0
2018-07-01,states,missing_cpi_revision_3m_z,0.0
2018-07-01,states,missing_yield_2y_z,-9.471094466784764e-05
2018-07-01,states,missing_yield_2y_change_3m_z,-0.0007750367492119844
2018-07-01,states,missing_curve_2s10s_z,-0.00666482970019036
2018-07-01,states,missing_cds_5y_z,0.005448673139585747
2018-07-01,states,missing_cds_5y_change_3m_z,0.005448673139585746
2018-07-01,states,missing_fx_vol_1m_z,0.004862909793902901
2018-07-01,states,missing_fx_vol_change_3m_z,0.006373035957114727
2018-07-01,states_interactions,growth,-0.008581432606494513
2018-07-01,states_interactions,inflation,0.0006043840196485412
2018-07-01,states_interactions,policy_tightness,-0.0023859085320581943
2018-07-01,states_interactions,financial_stress,0.007269178003408954
2018-07-01,states_interactions,cheap_pb_z,0.004159366675097991
2018-07-01,states_interactions,momentum_12_1_z,-0.0008789518897417233
2018-07-01,states_interactions,return_vol_12m_z,0.0013947623271119867
2018-07-01,states_interactions,missing_gdp_expectation_z,0.0
2018-07-01,states_interactions,missing_gdp_revision_3m_z,0.0
2018-07-01,states_interactions,missing_cpi_expectation_z,0.0
2018-07-01,states_interactions,missing_cpi_revision_3m_z,0.0
2018-07-01,states_interactions,missing_yield_2y_z,3.580697360250756e-05
2018-07-01,states_interactions,missing_yield_2y_change_3m_z,-0.0006582517537040394
2018-07-01,states_interactions,missing_curve_2s10s_z,-0.006616263592099219
2018-07-01,states_interactions,missing_cds_5y_z,0.005515568750236012
2018-07-01,states_interactions,missing_cds_5y_change_3m_z,0.005515568750236015
2018-07-01,states_interactions,missing_fx_vol_1m_z,0.004862586848175959
2018-07-01,states_interactions,missing_fx_vol_change_3m_z,0.00637844134397271
2018-07-01,states_interactions,cheap_x_growth,-0.00035580231215119357
2018-07-01,states_interactions,weak_growth_x_tight_policy,0.002578942678772912
2018-07-01,primitives_interactions,gdp_expectation_z,-0.004530801380636377
2018-07-01,primitives_interactions,gdp_revision_3m_z,-0.007103875531184193
2018-07-01,primitives_interactions,cpi_expectation_z,-0.002005730418742088
2018-07-01,primitives_interactions,cpi_revision_3m_z,0.0020482115706311615
2018-07-01,primitives_interactions,yield_2y_z,-0.00131294417670154
2018-07-01,primitives_interactions,yield_2y_change_3m_z,-6.216428297646938e-06
2018-07-01,primitives_interactions,curve_2s10s_z,0.0031340814822005524
2018-07-01,primitives_interactions,cds_5y_z,0.006890542355908814
2018-07-01,primitives_interactions,cds_5y_change_3m_z,0.0014217235367909827
2018-07-01,primitives_interactions,fx_vol_1m_z,0.0035054527747813095
2018-07-01,primitives_interactions,fx_vol_change_3m_z,0.0029349446619407918
2018-07-01,primitives_interactions,cheap_pb_z,0.0034700587757430217
2018-07-01,primitives_interactions,momentum_12_1_z,-0.00014836349934966705
2018-07-01,primitives_interactions,return_vol_12m_z,0.0007623304376465005
2018-07-01,primitives_interactions,missing_gdp_expectation_z,0.0
2018-07-01,primitives_interactions,missing_gdp_revision_3m_z,0.0
2018-07-01,primitives_interactions,missing_cpi_expectation_z,0.0
2018-07-01,primitives_interactions,missing_cpi_revision_3m_z,0.0
2018-07-01,primitives_interactions,missing_yield_2y_z,-9.464724066805578e-06
2018-07-01,primitives_interactions,missing_yield_2y_change_3m_z,-0.0007815208855666447
2018-07-01,primitives_interactions,missing_curve_2s10s_z,-0.0067210153577796404
2018-07-01,primitives_interactions,missing_cds_5y_z,0.005442080806134643
2018-07-01,primitives_interactions,missing_cds_5y_change_3m_z,0.005442080806134643
2018-07-01,primitives_interactions,missing_fx_vol_1m_z,0.0048597825974253574
2018-07-01,primitives_interactions,missing_fx_vol_change_3m_z,0.0063959868893417255
2018-07-01,primitives_interactions,cheap_x_growth,-0.00015415760978544193
2018-07-01,primitives_interactions,weak_growth_x_tight_policy,0.0016618523038354593
2019-07-01,market_only,cheap_pb_z,0.0023414652907172134
2019-07-01,market_only,momentum_12_1_z,-0.004213938487593614
2019-07-01,market_only,return_vol_12m_z,-0.00045059892994687127
2019-07-01,primitives,gdp_expectation_z,-0.005338650810192146
2019-07-01,primitives,gdp_revision_3m_z,-0.006816808730504272
2019-07-01,primitives,cpi_expectation_z,-0.0034043688451810684
2019-07-01,primitives,cpi_revision_3m_z,0.00242511555526024
2019-07-01,primitives,yield_2y_z,-0.0008312905718464998
2019-07-01,primitives,yield_2y_change_3m_z,0.0013815139515218403
2019-07-01,primitives,curve_2s10s_z,0.0034325788513345657
2019-07-01,primitives,cds_5y_z,0.004499566534566863
2019-07-01,primitives,cds_5y_change_3m_z,0.0018840025948943853
2019-07-01,primitives,fx_vol_1m_z,0.0029103926768308886
2019-07-01,primitives,fx_vol_change_3m_z,0.0026898208094470236
2019-07-01,primitives,cheap_pb_z,0.002262748220009972
2019-07-01,primitives,momentum_12_1_z,-0.0007007358840392448
2019-07-01,primitives,return_vol_12m_z,-0.0012413624072458598
2019-07-01,primitives,missing_gdp_expectation_z,0.0
2019-07-01,primitives,missing_gdp_revision_3m_z,0.0
2019-07-01,primitives,missing_cpi_expectation_z,0.0
2019-07-01,primitives,missing_cpi_revision_3m_z,0.0
2019-07-01,primitives,missing_yield_2y_z,0.0011144356696801006
2019-07-01,primitives,missing_yield_2y_change_3m_z,-0.001162391499757172
2019-07-01,primitives,missing_curve_2s10s_z,-0.005684361328792981
2019-07-01,primitives,missing_cds_5y_z,0.005513356101581127
2019-07-01,primitives,missing_cds_5y_change_3m_z,0.005513356101581125
2019-07-01,primitives,missing_fx_vol_1m_z,0.00559603776261646
2019-07-01,primitives,missing_fx_vol_change_3m_z,0.00686063551098745
2019-07-01,states,growth,-0.008735725352160365
2019-07-01,states,inflation,-0.0002367363705623071
2019-07-01,states,policy_tightness,-0.0015139752150313767
2019-07-01,states,financial_stress,0.006207068018833941
2019-07-01,states,cheap_pb_z,0.0028599042816210346
2019-07-01,states,momentum_12_1_z,-0.001302175715822998
2019-07-01,states,return_vol_12m_z,-0.0010024621423698123
2019-07-01,states,missing_gdp_expectation_z,0.0
2019-07-01,states,missing_gdp_revision_3m_z,0.0
2019-07-01,states,missing_cpi_expectation_z,0.0
2019-07-01,states,missing_cpi_revision_3m_z,0.0
2019-07-01,states,missing_yield_2y_z,0.0011531730292094644
2019-07-01,states,missing_yield_2y_change_3m_z,-0.001144158116769585
2019-07-01,states,missing_curve_2s10s_z,-0.005651274261958809
2019-07-01,states,missing_cds_5y_z,0.0054907680054380155
2019-07-01,states,missing_cds_5y_change_3m_z,0.0054907680054380155
2019-07-01,states,missing_fx_vol_1m_z,0.005556140276575135
2019-07-01,states,missing_fx_vol_change_3m_z,0.006796163741572631
2019-07-01,states_interactions,growth,-0.008126472414539496
2019-07-01,states_interactions,inflation,-0.00039788466624537217
2019-07-01,states_interactions,policy_tightness,-0.002057376413355689
2019-07-01,states_interactions,financial_stress,0.005939451443395507
2019-07-01,states_interactions,cheap_pb_z,0.0029361582939188484
2019-07-01,states_interactions,momentum_12_1_z,-0.001189973779165735
2019-07-01,states_interactions,return_vol_12m_z,-0.001070877502623946
2019-07-01,states_interactions,missing_gdp_expectation_z,0.0
2019-07-01,states_interactions,missing_gdp_revision_3m_z,0.0
2019-07-01,states_interactions,missing_cpi_expectation_z,0.0
2019-07-01,states_interactions,missing_cpi_revision_3m_z,0.0
2019-07-01,states_interactions,missing_yield_2y_z,0.001283065007424625
2019-07-01,states_interactions,missing_yield_2y_change_3m_z,-0.0010225175651448184
2019-07-01,states_interactions,missing_curve_2s10s_z,-0.00557722519635164
2019-07-01,states_interactions,missing_cds_5y_z,0.005554368091438037
2019-07-01,states_interactions,missing_cds_5y_change_3m_z,0.005554368091438037
2019-07-01,states_interactions,missing_fx_vol_1m_z,0.0055344983065472465
2019-07-01,states_interactions,missing_fx_vol_change_3m_z,0.0067799232322200914
2019-07-01,states_interactions,cheap_x_growth,-0.0007685143320088978
2019-07-01,states_interactions,weak_growth_x_tight_policy,0.002729846296376309
2019-07-01,primitives_interactions,gdp_expectation_z,-0.0050805087436798495
2019-07-01,primitives_interactions,gdp_revision_3m_z,-0.006487095237730041
2019-07-01,primitives_interactions,cpi_expectation_z,-0.003429442891111909
2019-07-01,primitives_interactions,cpi_revision_3m_z,0.002338749509900183
2019-07-01,primitives_interactions,yield_2y_z,-0.0011265793937231248
2019-07-01,primitives_interactions,yield_2y_change_3m_z,0.0011441004564580204
2019-07-01,primitives_interactions,curve_2s10s_z,0.003553562430656824
2019-07-01,primitives_interactions,cds_5y_z,0.004301703754687862
2019-07-01,primitives_interactions,cds_5y_change_3m_z,0.0017995820330463771
2019-07-01,primitives_interactions,fx_vol_1m_z,0.002820549557731813
2019-07-01,primitives_interactions,fx_vol_change_3m_z,0.0026865352512750345
2019-07-01,primitives_interactions,cheap_pb_z,0.0023481404194698823
2019-07-01,primitives_interactions,momentum_12_1_z,-0.0006430343849683751
2019-07-01,primitives_interactions,return_vol_12m_z,-0.001264666787584986
2019-07-01,primitives_interactions,missing_gdp_expectation_z,0.0
2019-07-01,primitives_interactions,missing_gdp_revision_3m_z,0.0
2019-07-01,primitives_interactions,missing_cpi_expectation_z,0.0
2019-07-01,primitives_interactions,missing_cpi_revision_3m_z,0.0
2019-07-01,primitives_interactions,missing_yield_2y_z,0.0012055062948218129
2019-07-01,primitives_interactions,missing_yield_2y_change_3m_z,-0.00107181710159463
2019-07-01,primitives_interactions,missing_curve_2s10s_z,-0.005624206227595364
2019-07-01,primitives_interactions,missing_cds_5y_z,0.0055625494874786624
2019-07-01,primitives_interactions,missing_cds_5y_change_3m_z,0.005562549487478662
2019-07-01,primitives_interactions,missing_fx_vol_1m_z,0.005586602770509219
2019-07-01,primitives_interactions,missing_fx_vol_change_3m_z,0.006855736068501471
2019-07-01,primitives_interactions,cheap_x_growth,-0.0005255705358389922
2019-07-01,primitives_interactions,weak_growth_x_tight_policy,0.001993209562527187
2020-07-01,market_only,cheap_pb_z,0.002070494895242949
2020-07-01,market_only,momentum_12_1_z,-0.004811703323406125
2020-07-01,market_only,return_vol_12m_z,-0.0006758359104697534
2020-07-01,primitives,gdp_expectation_z,-0.005513586237613478
2020-07-01,primitives,gdp_revision_3m_z,-0.006141991924285013
2020-07-01,primitives,cpi_expectation_z,-0.0019380120892816299
2020-07-01,primitives,cpi_revision_3m_z,0.0032481870696202605
2020-07-01,primitives,yield_2y_z,-0.001251301859096191
2020-07-01,primitives,yield_2y_change_3m_z,0.00024359329302539332
2020-07-01,primitives,curve_2s10s_z,0.0020807751115120123
2020-07-01,primitives,cds_5y_z,0.004894724023053606
2020-07-01,primitives,cds_5y_change_3m_z,0.002688472839633612
2020-07-01,primitives,fx_vol_1m_z,0.0022354694632580638
2020-07-01,primitives,fx_vol_change_3m_z,0.0037142228618243195
2020-07-01,primitives,cheap_pb_z,0.002361987559181081
2020-07-01,primitives,momentum_12_1_z,-0.001502285062808006
2020-07-01,primitives,return_vol_12m_z,-0.0014537021066650653
2020-07-01,primitives,missing_gdp_expectation_z,0.0
2020-07-01,primitives,missing_gdp_revision_3m_z,0.0
2020-07-01,primitives,missing_cpi_expectation_z,0.0
2020-07-01,primitives,missing_cpi_revision_3m_z,0.0
2020-07-01,primitives,missing_yield_2y_z,0.000341935822590093
2020-07-01,primitives,missing_yield_2y_change_3m_z,-0.0012839293220477368
2020-07-01,primitives,missing_curve_2s10s_z,-0.005825473424301314
2020-07-01,primitives,missing_cds_5y_z,0.006994374048989075
2020-07-01,primitives,missing_cds_5y_change_3m_z,0.006994374048989074
2020-07-01,primitives,missing_fx_vol_1m_z,0.00576335393054436
2020-07-01,primitives,missing_fx_vol_change_3m_z,0.006836687209200302
2020-07-01,states,growth,-0.008307218183835416
2020-07-01,states,inflation,0.0012201145415778147
2020-07-01,states,policy_tightness,-0.0016052146764009407
2020-07-01,states,financial_stress,0.007037856529657995
2020-07-01,states,cheap_pb_z,0.0027738143694642473
2020-07-01,states,momentum_12_1_z,-0.002012126076776808
2020-07-01,states,return_vol_12m_z,-0.0014017984923123349
2020-07-01,states,missing_gdp_expectation_z,0.0
2020-07-01,states,missing_gdp_revision_3m_z,0.0
2020-07-01,states,missing_cpi_expectation_z,0.0
2020-07-01,states,missing_cpi_revision_3m_z,0.0
2020-07-01,states,missing_yield_2y_z,0.0003662332399294054
2020-07-01,states,missing_yield_2y_change_3m_z,-0.0012524568563202095
2020-07-01,states,missing_curve_2s10s_z,-0.005766528144777961
2020-07-01,states,missing_cds_5y_z,0.0069354673978499395
2020-07-01,states,missing_cds_5y_change_3m_z,0.006935467397849943
2020-07-01,states,missing_fx_vol_1m_z,0.00567523199860577
2020-07-01,states,missing_fx_vol_change_3m_z,0.006738433885221574
2020-07-01,states_interactions,growth,-0.007981175505533419
2020-07-01,states_interactions,inflation,0.0010914523143209561
2020-07-01,states_interactions,policy_tightness,-0.0019869267773264176
2020-07-01,states_interactions,financial_stress,0.0068639838176479
2020-07-01,states_interactions,cheap_pb_z,0.002703920485260727
2020-07-01,states_interactions,momentum_12_1_z,-0.0019407342878671866
2020-07-01,states_interactions,return_vol_12m_z,-0.0014593161268706926
2020-07-01,states_interactions,missing_gdp_expectation_z,0.0
2020-07-01,states_interactions,missing_gdp_revision_3m_z,0.0
2020-07-01,states_interactions,missing_cpi_expectation_z,0.0
2020-07-01,states_interactions,missing_cpi_revision_3m_z,0.0
2020-07-01,states_interactions,missing_yield_2y_z,0.00046387234078828306
2020-07-01,states_interactions,missing_yield_2y_change_3m_z,-0.0011900124089906838
2020-07-01,states_interactions,missing_curve_2s10s_z,-0.005743791952552312
2020-07-01,states_interactions,missing_cds_5y_z,0.006984351868742041
2020-07-01,states_interactions,missing_cds_5y_change_3m_z,0.006984351868742039
2020-07-01,states_interactions,missing_fx_vol_1m_z,0.00567207747980879
2020-07-01,states_interactions,missing_fx_vol_change_3m_z,0.0067390455645961415
2020-07-01,states_interactions,cheap_x_growth,0.0001262038586299738
2020-07-01,states_interactions,weak_growth_x_tight_policy,0.0019989993407215256
2020-07-01,primitives_interactions,gdp_expectation_z,-0.005413432592213388
2020-07-01,primitives_interactions,gdp_revision_3m_z,-0.006008916800957477
2020-07-01,primitives_interactions,cpi_expectation_z,-0.0019685108458324134
2020-07-01,primitives_interactions,cpi_revision_3m_z,0.0031862840918463315
2020-07-01,primitives_interactions,yield_2y_z,-0.0014498752719028646
2020-07-01,primitives_interactions,yield_2y_change_3m_z,7.83264256170961e-05
2020-07-01,primitives_interactions,curve_2s10s_z,0.0021504142116961283
2020-07-01,primitives_interactions,cds_5y_z,0.0047764981996612586
2020-07-01,primitives_interactions,cds_5y_change_3m_z,0.0026328617073968098
2020-07-01,primitives_interactions,fx_vol_1m_z,0.0021792345234142607
2020-07-01,primitives_interactions,fx_vol_change_3m_z,0.0037190992575241795
2020-07-01,primitives_interactions,cheap_pb_z,0.002288592225034737
2020-07-01,primitives_interactions,momentum_12_1_z,-0.0014638947533220314
2020-07-01,primitives_interactions,return_vol_12m_z,-0.0014798418929213453
2020-07-01,primitives_interactions,missing_gdp_expectation_z,0.0
2020-07-01,primitives_interactions,missing_gdp_revision_3m_z,0.0
2020-07-01,primitives_interactions,missing_cpi_expectation_z,0.0
2020-07-01,primitives_interactions,missing_cpi_revision_3m_z,0.0
2020-07-01,primitives_interactions,missing_yield_2y_z,0.00040470288705346736
2020-07-01,primitives_interactions,missing_yield_2y_change_3m_z,-0.0012423906051330779
2020-07-01,primitives_interactions,missing_curve_2s10s_z,-0.00581304899480168
2020-07-01,primitives_interactions,missing_cds_5y_z,0.007031726543995078
2020-07-01,primitives_interactions,missing_cds_5y_change_3m_z,0.007031726543995076
2020-07-01,primitives_interactions,missing_fx_vol_1m_z,0.0057653704133314885
2020-07-01,primitives_interactions,missing_fx_vol_change_3m_z,0.006841936755267352
2020-07-01,primitives_interactions,cheap_x_growth,0.000353703864026037
2020-07-01,primitives_interactions,weak_growth_x_tight_policy,0.0013668059394675574
2021-07-01,market_only,cheap_pb_z,-0.002263860137937552
2021-07-01,market_only,momentum_12_1_z,-0.00439678585000449
2021-07-01,market_only,return_vol_12m_z,0.003200351955141186
2021-07-01,primitives,gdp_expectation_z,-0.005344581572389812
2021-07-01,primitives,gdp_revision_3m_z,-0.0030715789797987714
2021-07-01,primitives,cpi_expectation_z,-0.0019043185186047025
2021-07-01,primitives,cpi_revision_3m_z,0.003572836702508011
2021-07-01,primitives,yield_2y_z,-0.0010597365143364527
2021-07-01,primitives,yield_2y_change_3m_z,0.0013863002529049032
2021-07-01,primitives,curve_2s10s_z,0.0005577229182586091
2021-07-01,primitives,cds_5y_z,0.004675612716731285
2021-07-01,primitives,cds_5y_change_3m_z,0.0023396793460010927
2021-07-01,primitives,fx_vol_1m_z,0.0032631312901514904
2021-07-01,primitives,fx_vol_change_3m_z,0.0032880464153025217
2021-07-01,primitives,cheap_pb_z,-0.0012265526485295455
2021-07-01,primitives,momentum_12_1_z,-0.002096837843754748
2021-07-01,primitives,return_vol_12m_z,0.0011484898432275186
2021-07-01,primitives,missing_gdp_expectation_z,0.0
2021-07-01,primitives,missing_gdp_revision_3m_z,0.0
2021-07-01,primitives,missing_cpi_expectation_z,0.0
2021-07-01,primitives,missing_cpi_revision_3m_z,0.0
2021-07-01,primitives,missing_yield_2y_z,-0.00039039651580818836
2021-07-01,primitives,missing_yield_2y_change_3m_z,-0.0007748981573128306
2021-07-01,primitives,missing_curve_2s10s_z,-0.00536923792412534
2021-07-01,primitives,missing_cds_5y_z,0.008561521747380462
2021-07-01,primitives,missing_cds_5y_change_3m_z,0.008561521747380462
2021-07-01,primitives,missing_fx_vol_1m_z,0.006714987393864913
2021-07-01,primitives,missing_fx_vol_change_3m_z,0.0076923535090888655
2021-07-01,states,growth,-0.005935869092720946
2021-07-01,states,inflation,0.0012639837264323023
2021-07-01,states,policy_tightness,4.727237085176101e-05
2021-07-01,states,financial_stress,0.0071296436546321625
2021-07-01,states,cheap_pb_z,-0.0006696225647583664
2021-07-01,states,momentum_12_1_z,-0.0023852829830418427
2021-07-01,states,return_vol_12m_z,0.0014376205801350677
2021-07-01,states,missing_gdp_expectation_z,0.0
2021-07-01,states,missing_gdp_revision_3m_z,0.0
2021-07-01,states,missing_cpi_expectation_z,0.0
2021-07-01,states,missing_cpi_revision_3m_z,0.0
2021-07-01,states,missing_yield_2y_z,-0.000337891605741705
2021-07-01,states,missing_yield_2y_change_3m_z,-0.0007032144674662676
2021-07-01,states,missing_curve_2s10s_z,-0.00531208048201597
2021-07-01,states,missing_cds_5y_z,0.008498544040382243
2021-07-01,states,missing_cds_5y_change_3m_z,0.008498544040382243
2021-07-01,states,missing_fx_vol_1m_z,0.006600822001000953
2021-07-01,states,missing_fx_vol_change_3m_z,0.007571243346825363
2021-07-01,states_interactions,growth,-0.005472326206926271
2021-07-01,states_interactions,inflation,0.0011807509445177118
2021-07-01,states_interactions,policy_tightness,-0.0007006693397277351
2021-07-01,states_interactions,financial_stress,0.006914013865686013
2021-07-01,states_interactions,cheap_pb_z,-0.0009020070597221247
2021-07-01,states_interactions,momentum_12_1_z,-0.002339106959458129
2021-07-01,states_interactions,return_vol_12m_z,0.001218487279432642
2021-07-01,states_interactions,missing_gdp_expectation_z,0.0
2021-07-01,states_interactions,missing_gdp_revision_3m_z,0.0
2021-07-01,states_interactions,missing_cpi_expectation_z,0.0
2021-07-01,states_interactions,missing_cpi_revision_3m_z,0.0
2021-07-01,states_interactions,missing_yield_2y_z,-0.0001871475817915918
2021-07-01,states_interactions,missing_yield_2y_change_3m_z,-0.0005885910550938406
2021-07-01,states_interactions,missing_curve_2s10s_z,-0.00527427782939217
2021-07-01,states_interactions,missing_cds_5y_z,0.008541732147323006
2021-07-01,states_interactions,missing_cds_5y_change_3m_z,0.008541732147323008
2021-07-01,states_interactions,missing_fx_vol_1m_z,0.006622123002036007
2021-07-01,states_interactions,missing_fx_vol_change_3m_z,0.007597785656545711
2021-07-01,states_interactions,cheap_x_growth,0.0009928996278831845
2021-07-01,states_interactions,weak_growth_x_tight_policy,0.0035736632462243997
2021-07-01,primitives_interactions,gdp_expectation_z,-0.005135888291544927
2021-07-01,primitives_interactions,gdp_revision_3m_z,-0.002787386442804617
2021-07-01,primitives_interactions,cpi_expectation_z,-0.001957151667807412
2021-07-01,primitives_interactions,cpi_revision_3m_z,0.0035642423372171696
2021-07-01,primitives_interactions,yield_2y_z,-0.0014834744178497962
2021-07-01,primitives_interactions,yield_2y_change_3m_z,0.0009247293286989947
2021-07-01,primitives_interactions,curve_2s10s_z,0.0007756212161140635
2021-07-01,primitives_interactions,cds_5y_z,0.004479419949041462
2021-07-01,primitives_interactions,cds_5y_change_3m_z,0.0022136519440474926
2021-07-01,primitives_interactions,fx_vol_1m_z,0.003257231860075955
2021-07-01,primitives_interactions,fx_vol_change_3m_z,0.003267791598265359
2021-07-01,primitives_interactions,cheap_pb_z,-0.001465005691834861
2021-07-01,primitives_interactions,momentum_12_1_z,-0.002073045569336547
2021-07-01,primitives_interactions,return_vol_12m_z,0.0009695738180465337
2021-07-01,primitives_interactions,missing_gdp_expectation_z,0.0
2021-07-01,primitives_interactions,missing_gdp_revision_3m_z,0.0
2021-07-01,primitives_interactions,missing_cpi_expectation_z,0.0
2021-07-01,primitives_interactions,missing_cpi_revision_3m_z,0.0
2021-07-01,primitives_interactions,missing_yield_2y_z,-0.0002674581937841858
2021-07-01,primitives_interactions,missing_yield_2y_change_3m_z,-0.0006780001023259797
2021-07-01,primitives_interactions,missing_curve_2s10s_z,-0.005339233933927645
2021-07-01,primitives_interactions,missing_cds_5y_z,0.008607898421976666
2021-07-01,primitives_interactions,missing_cds_5y_change_3m_z,0.008607898421976666
2021-07-01,primitives_interactions,missing_fx_vol_1m_z,0.006736214678729704
2021-07-01,primitives_interactions,missing_fx_vol_change_3m_z,0.0077185244971686405
2021-07-01,primitives_interactions,cheap_x_growth,0.001228657950150074
2021-07-01,primitives_interactions,weak_growth_x_tight_policy,0.0031389261429877486
2022-07-01,market_only,cheap_pb_z,-0.0019386139136039731
2022-07-01,market_only,momentum_12_1_z,-0.0028849320236807876
2022-07-01,market_only,return_vol_12m_z,0.005050384895371749
2022-07-01,primitives,gdp_expectation_z,-0.0031335252212544864
2022-07-01,primitives,gdp_revision_3m_z,-0.002816739527580569
2022-07-01,primitives,cpi_expectation_z,-0.002074524211485724
2022-07-01,primitives,cpi_revision_3m_z,0.0040021433557803476
2022-07-01,primitives,yield_2y_z,-0.0025621935272517747
2022-07-01,primitives,yield_2y_change_3m_z,0.0013770672340860963
2022-07-01,primitives,curve_2s10s_z,0.0010075881567466558
2022-07-01,primitives,cds_5y_z,0.004718060278153083
2022-07-01,primitives,cds_5y_change_3m_z,0.002712310114213323
2022-07-01,primitives,fx_vol_1m_z,0.0036401586929657873
2022-07-01,primitives,fx_vol_change_3m_z,0.0026565948806748572
2022-07-01,primitives,cheap_pb_z,-2.5738725505422208e-05
2022-07-01,primitives,momentum_12_1_z,-0.0012199585417354602
2022-07-01,primitives,return_vol_12m_z,0.003756597394040386
2022-07-01,primitives,missing_gdp_expectation_z,0.0
2022-07-01,primitives,missing_gdp_revision_3m_z,0.0
2022-07-01,primitives,missing_cpi_expectation_z,0.0
2022-07-01,primitives,missing_cpi_revision_3m_z,0.0
2022-07-01,primitives,missing_yield_2y_z,-0.0005243856257632012
2022-07-01,primitives,missing_yield_2y_change_3m_z,-0.0028331527251809273
2022-07-01,primitives,missing_curve_2s10s_z,-0.004942189055593846
2022-07-01,primitives,missing_cds_5y_z,0.008739333331559561
2022-07-01,primitives,missing_cds_5y_change_3m_z,0.008739333331559565
2022-07-01,primitives,missing_fx_vol_1m_z,0.006931824686190168
2022-07-01,primitives,missing_fx_vol_change_3m_z,0.007801933049535015
2022-07-01,states,growth,-0.004015470922955428
2022-07-01,states,inflation,0.0014422247807105867
2022-07-01,states,policy_tightness,-0.0012679364945651082
2022-07-01,states,financial_stress,0.007139700920952487
2022-07-01,states,cheap_pb_z,0.00027852682676840615
2022-07-01,states,momentum_12_1_z,-0.001500614018449478
2022-07-01,states,return_vol_12m_z,0.004068594826199845
2022-07-01,states,missing_gdp_expectation_z,0.0
2022-07-01,states,missing_gdp_revision_3m_z,0.0
2022-07-01,states,missing_cpi_expectation_z,0.0
2022-07-01,states,missing_cpi_revision_3m_z,0.0
2022-07-01,states,missing_yield_2y_z,-0.00043146310923844147
2022-07-01,states,missing_yield_2y_change_3m_z,-0.002781152952642306
2022-07-01,states,missing_curve_2s10s_z,-0.004910948971443419
2022-07-01,states,missing_cds_5y_z,0.00864411840862484
2022-07-01,states,missing_cds_5y_change_3m_z,0.008644118408624842
2022-07-01,states,missing_fx_vol_1m_z,0.006854021559895185
2022-07-01,states,missing_fx_vol_change_3m_z,0.007704511089322921
2022-07-01,states_interactions,growth,-0.003673783194927136
2022-07-01,states_interactions,inflation,0.0013305013420653673
2022-07-01,states_interactions,policy_tightness,-0.0020373662713332346
2022-07-01,states_interactions,financial_stress,0.006883755715640836
2022-07-01,states_interactions,cheap_pb_z,-0.00010385346705128668
2022-07-01,states_interactions,momentum_12_1_z,-0.001439353901144173
2022-07-01,states_interactions,return_vol_12m_z,0.003815171475938037
2022-07-01,states_interactions,missing_gdp_expectation_z,0.0
2022-07-01,states_interactions,missing_gdp_revision_3m_z,0.0
2022-07-01,states_interactions,missing_cpi_expectation_z,0.0
2022-07-01,states_interactions,missing_cpi_revision_3m_z,0.0
2022-07-01,states_interactions,missing_yield_2y_z,-0.0002809229689442293
2022-07-01,states_interactions,missing_yield_2y_change_3m_z,-0.0026784947802961415
2022-07-01,states_interactions,missing_curve_2s10s_z,-0.004882032235263832
2022-07-01,states_interactions,missing_cds_5y_z,0.008679713568504627
2022-07-01,states_interactions,missing_cds_5y_change_3m_z,0.008679713568504633
2022-07-01,states_interactions,missing_fx_vol_1m_z,0.006879966836091902
2022-07-01,states_interactions,missing_fx_vol_change_3m_z,0.007735975071033608
2022-07-01,states_interactions,cheap_x_growth,0.00185984726022538
2022-07-01,states_interactions,weak_growth_x_tight_policy,0.0037351658879700754
2022-07-01,primitives_interactions,gdp_expectation_z,-0.002999141011104615
2022-07-01,primitives_interactions,gdp_revision_3m_z,-0.002572178117932598
2022-07-01,primitives_interactions,cpi_expectation_z,-0.00214806750100778
2022-07-01,primitives_interactions,cpi_revision_3m_z,0.0039799944708325185
2022-07-01,primitives_interactions,yield_2y_z,-0.003003361996307747
2022-07-01,primitives_interactions,yield_2y_change_3m_z,0.0008807182690614969
2022-07-01,primitives_interactions,curve_2s10s_z,0.0012466982578716566
2022-07-01,primitives_interactions,cds_5y_z,0.004486077349932056
2022-07-01,primitives_interactions,cds_5y_change_3m_z,0.002579756925225186
2022-07-01,primitives_interactions,fx_vol_1m_z,0.0036018894421636547
2022-07-01,primitives_interactions,fx_vol_change_3m_z,0.0026185338102937433
2022-07-01,primitives_interactions,cheap_pb_z,-0.000393912474400596
2022-07-01,primitives_interactions,momentum_12_1_z,-0.001174145164672823
2022-07-01,primitives_interactions,return_vol_12m_z,0.003520754043625497
2022-07-01,primitives_interactions,missing_gdp_expectation_z,0.0
2022-07-01,primitives_interactions,missing_gdp_revision_3m_z,0.0
2022-07-01,primitives_interactions,missing_cpi_expectation_z,0.0
2022-07-01,primitives_interactions,missing_cpi_revision_3m_z,0.0
2022-07-01,primitives_interactions,missing_yield_2y_z,-0.0003934312133130516
2022-07-01,primitives_interactions,missing_yield_2y_change_3m_z,-0.0027415448702033836
2022-07-01,primitives_interactions,missing_curve_2s10s_z,-0.004913373240422937
2022-07-01,primitives_interactions,missing_cds_5y_z,0.008776795078295105
2022-07-01,primitives_interactions,missing_cds_5y_change_3m_z,0.008776795078295103
2022-07-01,primitives_interactions,missing_fx_vol_1m_z,0.006957990027713194
2022-07-01,primitives_interactions,missing_fx_vol_change_3m_z,0.007833108336470582
2022-07-01,primitives_interactions,cheap_x_growth,0.0019416694472195336
2022-07-01,primitives_interactions,weak_growth_x_tight_policy,0.003417862572639001
2023-07-01,market_only,cheap_pb_z,-0.0011634375790945991
2023-07-01,market_only,momentum_12_1_z,-0.002462203682252382
2023-07-01,market_only,return_vol_12m_z,0.004519484117645506
2023-07-01,primitives,gdp_expectation_z,-0.002914613759570695
2023-07-01,primitives,gdp_revision_3m_z,-0.0029045158917686458
2023-07-01,primitives,cpi_expectation_z,-0.0005118110342192453
2023-07-01,primitives,cpi_revision_3m_z,0.004642582090765976
2023-07-01,primitives,yield_2y_z,-0.0023945845978951582
2023-07-01,primitives,yield_2y_change_3m_z,0.0015432618010891587
2023-07-01,primitives,curve_2s10s_z,0.0010955295293784372
2023-07-01,primitives,cds_5y_z,0.006624559712946788
2023-07-01,primitives,cds_5y_change_3m_z,0.002632139065129939
2023-07-01,primitives,fx_vol_1m_z,0.005864498500046499
2023-07-01,primitives,fx_vol_change_3m_z,0.002253244419321294
2023-07-01,primitives,cheap_pb_z,-5.327839475441044e-05
2023-07-01,primitives,momentum_12_1_z,-0.0004555964174564618
2023-07-01,primitives,return_vol_12m_z,0.0028613140284070174
2023-07-01,primitives,missing_gdp_expectation_z,0.0
2023-07-01,primitives,missing_gdp_revision_3m_z,0.0
2023-07-01,primitives,missing_cpi_expectation_z,0.0
2023-07-01,primitives,missing_cpi_revision_3m_z,0.0
2023-07-01,primitives,missing_yield_2y_z,-0.0002867061456159736
2023-07-01,primitives,missing_yield_2y_change_3m_z,-0.002810215235297053
2023-07-01,primitives,missing_curve_2s10s_z,-0.004290993938902353
2023-07-01,primitives,missing_cds_5y_z,0.007076202875848456
2023-07-01,primitives,missing_cds_5y_change_3m_z,0.007076202875848454
2023-07-01,primitives,missing_fx_vol_1m_z,0.005485247621868777
2023-07-01,primitives,missing_fx_vol_change_3m_z,0.006268005617679971
2023-07-01,states,growth,-0.004077519336241876
2023-07-01,states,inflation,0.003441483766910264
2023-07-01,states,policy_tightness,-0.0008243113858335558
2023-07-01,states,financial_stress,0.009065204221713715
2023-07-01,states,cheap_pb_z,0.0003889428004621057
2023-07-01,states,momentum_12_1_z,-0.0009669124713306554
2023-07-01,states,return_vol_12m_z,0.0034125254535164826
2023-07-01,states,missing_gdp_expectation_z,0.0
2023-07-01,states,missing_gdp_revision_3m_z,0.0
2023-07-01,states,missing_cpi_expectation_z,0.0
2023-07-01,states,missing_cpi_revision_3m_z,0.0
2023-07-01,states,missing_yield_2y_z,-0.00017496284390487341
2023-07-01,states,missing_yield_2y_change_3m_z,-0.0026831591675059788
2023-07-01,states,missing_curve_2s10s_z,-0.0041766734518139895
2023-07-01,states,missing_cds_5y_z,0.006969303558266548
2023-07-01,states,missing_cds_5y_change_3m_z,0.006969303558266549
2023-07-01,states,missing_fx_vol_1m_z,0.005397108827139382
2023-07-01,states,missing_fx_vol_change_3m_z,0.006169234381476981
2023-07-01,states_interactions,growth,-0.003557555163645863
2023-07-01,states_interactions,inflation,0.0034262558434021745
2023-07-01,states_interactions,policy_tightness,-0.0015085353021765282
2023-07-01,states_interactions,financial_stress,0.008867132320761747
2023-07-01,states_interactions,cheap_pb_z,0.0001700800173531763
2023-07-01,states_interactions,momentum_12_1_z,-0.0009337107770002063
2023-07-01,states_interactions,return_vol_12m_z,0.0032153477028943464
2023-07-01,states_interactions,missing_gdp_expectation_z,0.0
2023-07-01,states_interactions,missing_gdp_revision_3m_z,0.0
2023-07-01,states_interactions,missing_cpi_expectation_z,0.0
2023-07-01,states_interactions,missing_cpi_revision_3m_z,0.0
2023-07-01,states_interactions,missing_yield_2y_z,-2.1668878210054225e-05
2023-07-01,states_interactions,missing_yield_2y_change_3m_z,-0.0025721395851759365
2023-07-01,states_interactions,missing_curve_2s10s_z,-0.004125406802892772
2023-07-01,states_interactions,missing_cds_5y_z,0.0069907690158291565
2023-07-01,states_interactions,missing_cds_5y_change_3m_z,0.006990769015829156
2023-07-01,states_interactions,missing_fx_vol_1m_z,0.005399744261570554
2023-07-01,states_interactions,missing_fx_vol_change_3m_z,0.006175863184912223
2023-07-01,states_interactions,cheap_x_growth,0.0007057475726615708
2023-07-01,states_interactions,weak_growth_x_tight_policy,0.0036256911712705757
2023-07-01,primitives_interactions,gdp_expectation_z,-0.002643934266211729
2023-07-01,primitives_interactions,gdp_revision_3m_z,-0.002577529468587589
2023-07-01,primitives_interactions,cpi_expectation_z,-0.0005212171580101329
2023-07-01,primitives_interactions,cpi_revision_3m_z,0.0046827904694826585
2023-07-01,primitives_interactions,yield_2y_z,-0.002772896483480226
2023-07-01,primitives_interactions,yield_2y_change_3m_z,0.001164541684108207
2023-07-01,primitives_interactions,curve_2s10s_z,0.0013594886735380435
2023-07-01,primitives_interactions,cds_5y_z,0.006395230805568528
2023-07-01,primitives_interactions,cds_5y_change_3m_z,0.0025271987067932837
2023-07-01,primitives_interactions,fx_vol_1m_z,0.0058619539854973405
2023-07-01,primitives_interactions,fx_vol_change_3m_z,0.002255357503345329
2023-07-01,primitives_interactions,cheap_pb_z,-0.0002464280665735692
2023-07-01,primitives_interactions,momentum_12_1_z,-0.00045255663074312186
2023-07-01,primitives_interactions,return_vol_12m_z,0.002691886278209612
2023-07-01,primitives_interactions,missing_gdp_expectation_z,0.0
2023-07-01,primitives_interactions,missing_gdp_revision_3m_z,0.0
2023-07-01,primitives_interactions,missing_cpi_expectation_z,0.0
2023-07-01,primitives_interactions,missing_cpi_revision_3m_z,0.0
2023-07-01,primitives_interactions,missing_yield_2y_z,-0.00015499880082270995
2023-07-01,primitives_interactions,missing_yield_2y_change_3m_z,-0.0027120661346281293
2023-07-01,primitives_interactions,missing_curve_2s10s_z,-0.004241627987370135
2023-07-01,primitives_interactions,missing_cds_5y_z,0.007103055636323367
2023-07-01,primitives_interactions,missing_cds_5y_change_3m_z,0.007103055636323368
2023-07-01,primitives_interactions,missing_fx_vol_1m_z,0.005488066117217382
2023-07-01,primitives_interactions,missing_fx_vol_change_3m_z,0.0062746960273736534
2023-07-01,primitives_interactions,cheap_x_growth,0.0007968369885850579
2023-07-01,primitives_interactions,weak_growth_x_tight_policy,0.003237119078629768
2024-07-01,market_only,cheap_pb_z,-0.0009627436562291587
2024-07-01,market_only,momentum_12_1_z,-0.0023461442820634725
2024-07-01,market_only,return_vol_12m_z,0.0046193436401967625
2024-07-01,primitives,gdp_expectation_z,-0.0035404548158392427
2024-07-01,primitives,gdp_revision_3m_z,-0.003096664464435575
2024-07-01,primitives,cpi_expectation_z,0.000465262512568926
2024-07-01,primitives,cpi_revision_3m_z,0.003553264215072955
2024-07-01,primitives,yield_2y_z,0.0005338441929447538
2024-07-01,primitives,yield_2y_change_3m_z,0.0014803244324112525
2024-07-01,primitives,curve_2s10s_z,0.00010656551906069892
2024-07-01,primitives,cds_5y_z,0.006987921859682827
2024-07-01,primitives,cds_5y_change_3m_z,0.002708681935081526
2024-07-01,primitives,fx_vol_1m_z,0.004271176632197888
2024-07-01,primitives,fx_vol_change_3m_z,0.0027605342645589848
2024-07-01,primitives,cheap_pb_z,-0.00015100702826197757
2024-07-01,primitives,momentum_12_1_z,0.00038031282849853985
2024-07-01,primitives,return_vol_12m_z,0.002705570831915858
2024-07-01,primitives,missing_gdp_expectation_z,0.0
2024-07-01,primitives,missing_gdp_revision_3m_z,0.0
2024-07-01,primitives,missing_cpi_expectation_z,0.0
2024-07-01,primitives,missing_cpi_revision_3m_z,0.0
2024-07-01,primitives,missing_yield_2y_z,-0.0012003848059652994
2024-07-01,primitives,missing_yield_2y_change_3m_z,-0.0034821128007142496
2024-07-01,primitives,missing_curve_2s10s_z,-0.004926897455482648
2024-07-01,primitives,missing_cds_5y_z,0.006178291243029408
2024-07-01,primitives,missing_cds_5y_change_3m_z,0.006178291243029408
2024-07-01,primitives,missing_fx_vol_1m_z,0.005489928267811621
2024-07-01,primitives,missing_fx_vol_change_3m_z,0.006184740487240634
2024-07-01,states,growth,-0.004843656489165357
2024-07-01,states,inflation,0.0035485224081185022
2024-07-01,states,policy_tightness,0.0015324920657643546
2024-07-01,states,financial_stress,0.008661190404108246
2024-07-01,states,cheap_pb_z,0.0004152047720646054
2024-07-01,states,momentum_12_1_z,-0.00014202575543993416
2024-07-01,states,return_vol_12m_z,0.003211940897865423
2024-07-01,states,missing_gdp_expectation_z,0.0
2024-07-01,states,missing_gdp_revision_3m_z,0.0
2024-07-01,states,missing_cpi_expectation_z,0.0
2024-07-01,states,missing_cpi_revision_3m_z,0.0
2024-07-01,states,missing_yield_2y_z,-0.0011470903689479086
2024-07-01,states,missing_yield_2y_change_3m_z,-0.0033976510580462044
2024-07-01,states,missing_curve_2s10s_z,-0.00478461927573819
2024-07-01,states,missing_cds_5y_z,0.006156570981800421
2024-07-01,states,missing_cds_5y_change_3m_z,0.006156570981800421
2024-07-01,states,missing_fx_vol_1m_z,0.005428261126188479
2024-07-01,states,missing_fx_vol_change_3m_z,0.006125170350271298
2024-07-01,states_interactions,growth,-0.003989888877231571
2024-07-01,states_interactions,inflation,0.0034249490898882124
2024-07-01,states_interactions,policy_tightness,0.0006344455214624524
2024-07-01,states_interactions,financial_stress,0.008431319428831838
2024-07-01,states_interactions,cheap_pb_z,0.0004121935241415538
2024-07-01,states_interactions,momentum_12_1_z,-2.784338822647568e-05
2024-07-01,states_interactions,return_vol_12m_z,0.003005094837340788
2024-07-01,states_interactions,missing_gdp_expectation_z,0.0
2024-07-01,states_interactions,missing_gdp_revision_3m_z,0.0
2024-07-01,states_interactions,missing_cpi_expectation_z,0.0
2024-07-01,states_interactions,missing_cpi_revision_3m_z,0.0
2024-07-01,states_interactions,missing_yield_2y_z,-0.0009378917785412062
2024-07-01,states_interactions,missing_yield_2y_change_3m_z,-0.003225858041488557
2024-07-01,states_interactions,missing_curve_2s10s_z,-0.004654938449203525
2024-07-01,states_interactions,missing_cds_5y_z,0.006121677798328732
2024-07-01,states_interactions,missing_cds_5y_change_3m_z,0.006121677798328736
2024-07-01,states_interactions,missing_fx_vol_1m_z,0.005401034612489896
2024-07-01,states_interactions,missing_fx_vol_change_3m_z,0.006101438118831093
2024-07-01,states_interactions,cheap_x_growth,-0.0007727716328563345
2024-07-01,states_interactions,weak_growth_x_tight_policy,0.004367294205981932
2024-07-01,primitives_interactions,gdp_expectation_z,-0.003057150884142021
2024-07-01,primitives_interactions,gdp_revision_3m_z,-0.0025179182812526124
2024-07-01,primitives_interactions,cpi_expectation_z,0.00039557011276192006
2024-07-01,primitives_interactions,cpi_revision_3m_z,0.0035378141893813633
2024-07-01,primitives_interactions,yield_2y_z,5.79705522653587e-05
2024-07-01,primitives_interactions,yield_2y_change_3m_z,0.000952510106570682
2024-07-01,primitives_interactions,curve_2s10s_z,0.00044708635625544975
2024-07-01,primitives_interactions,cds_5y_z,0.0068190557909681235
2024-07-01,primitives_interactions,cds_5y_change_3m_z,0.002630823331938432
2024-07-01,primitives_interactions,fx_vol_1m_z,0.004196276867639466
2024-07-01,primitives_interactions,fx_vol_change_3m_z,0.0027389985035822643
2024-07-01,primitives_interactions,cheap_pb_z,-0.00012272342186321763
2024-07-01,primitives_interactions,momentum_12_1_z,0.0004384090742619805
2024-07-01,primitives_interactions,return_vol_12m_z,0.002545322515311427
2024-07-01,primitives_interactions,missing_gdp_expectation_z,0.0
2024-07-01,primitives_interactions,missing_gdp_revision_3m_z,0.0
2024-07-01,primitives_interactions,missing_cpi_expectation_z,0.0
2024-07-01,primitives_interactions,missing_cpi_revision_3m_z,0.0
2024-07-01,primitives_interactions,missing_yield_2y_z,-0.0010174300712487098
2024-07-01,primitives_interactions,missing_yield_2y_change_3m_z,-0.0033285662242336445
2024-07-01,primitives_interactions,missing_curve_2s10s_z,-0.00480782712648735
2024-07-01,primitives_interactions,missing_cds_5y_z,0.006154015890026335
2024-07-01,primitives_interactions,missing_cds_5y_change_3m_z,0.006154015890026335
2024-07-01,primitives_interactions,missing_fx_vol_1m_z,0.00546704325999537
2024-07-01,primitives_interactions,missing_fx_vol_change_3m_z,0.006164828201483382
2024-07-01,primitives_interactions,cheap_x_growth,-0.0006471490232777637
2024-07-01,primitives_interactions,weak_growth_x_tight_policy,0.003889227614603273
2025-07-01,market_only,cheap_pb_z,-0.0008102630876767661
2025-07-01,market_only,momentum_12_1_z,-0.002142563981111407
2025-07-01,market_only,return_vol_12m_z,0.005101950852320057
2025-07-01,primitives,gdp_expectation_z,-0.003821923489911298
2025-07-01,primitives,gdp_revision_3m_z,-0.002819926299316266
2025-07-01,primitives,cpi_expectation_z,0.0007700935709924685
2025-07-01,primitives,cpi_revision_3m_z,0.0034634140429778246
2025-07-01,primitives,yield_2y_z,0.0002817743599310406
2025-07-01,primitives,yield_2y_change_3m_z,0.0014036269753700274
2025-07-01,primitives,curve_2s10s_z,-2.5052037752470326e-05
2025-07-01,primitives,cds_5y_z,0.006800012582886765
2025-07-01,primitives,cds_5y_change_3m_z,0.0024894855649814362
2025-07-01,primitives,fx_vol_1m_z,0.003701554889850669
2025-07-01,primitives,fx_vol_change_3m_z,0.002519750570052552
2025-07-01,primitives,cheap_pb_z,-6.122521972187478e-06
2025-07-01,primitives,momentum_12_1_z,0.00039316450371203556
2025-07-01,primitives,return_vol_12m_z,0.003131926593054769
2025-07-01,primitives,missing_gdp_expectation_z,0.0
2025-07-01,primitives,missing_gdp_revision_3m_z,0.0
2025-07-01,primitives,missing_cpi_expectation_z,0.0
2025-07-01,primitives,missing_cpi_revision_3m_z,0.0
2025-07-01,primitives,missing_yield_2y_z,-0.0009583327935698685
2025-07-01,primitives,missing_yield_2y_change_3m_z,-0.0029774392498759577
2025-07-01,primitives,missing_curve_2s10s_z,-0.004387130024924275
2025-07-01,primitives,missing_cds_5y_z,0.0070195466533406825
2025-07-01,primitives,missing_cds_5y_change_3m_z,0.006957647972773439
2025-07-01,primitives,missing_fx_vol_1m_z,0.004221746232595198
2025-07-01,primitives,missing_fx_vol_change_3m_z,0.004879344831592199
2025-07-01,states,growth,-0.004870002048497507
2025-07-01,states,inflation,0.0035932416905444025
2025-07-01,states,policy_tightness,0.001375804285184382
2025-07-01,states,financial_stress,0.00799912400243354
2025-07-01,states,cheap_pb_z,0.0005614272258003447
2025-07-01,states,momentum_12_1_z,-7.525295746312498e-05
2025-07-01,states,return_vol_12m_z,0.0036036391486676846
2025-07-01,states,missing_gdp_expectation_z,0.0
2025-07-01,states,missing_gdp_revision_3m_z,0.0
2025-07-01,states,missing_cpi_expectation_z,0.0
2025-07-01,states,missing_cpi_revision_3m_z,0.0
2025-07-01,states,missing_yield_2y_z,-0.0009313912623500904
2025-07-01,states,missing_yield_2y_change_3m_z,-0.0029188958901661443
2025-07-01,states,missing_curve_2s10s_z,-0.004268327856538646
2025-07-01,states,missing_cds_5y_z,0.006996233797731407
2025-07-01,states,missing_cds_5y_change_3m_z,0.006934907307174767
2025-07-01,states,missing_fx_vol_1m_z,0.004160340282449549
2025-07-01,states,missing_fx_vol_change_3m_z,0.004819781677920104
2025-07-01,states_interactions,growth,-0.003930435331740849
2025-07-01,states_interactions,inflation,0.0034457538434385327
2025-07-01,states_interactions,policy_tightness,0.0005209566518988066
2025-07-01,states_interactions,financial_stress,0.007773872823129548
2025-07-01,states_interactions,cheap_pb_z,0.0006732732054785362
2025-07-01,states_interactions,momentum_12_1_z,5.546517567800158e-05
2025-07-01,states_interactions,return_vol_12m_z,0.003417302167604742
2025-07-01,states_interactions,missing_gdp_expectation_z,0.0
2025-07-01,states_interactions,missing_gdp_revision_3m_z,0.0
2025-07-01,states_interactions,missing_cpi_expectation_z,0.0
2025-07-01,states_interactions,missing_cpi_revision_3m_z,0.0
2025-07-01,states_interactions,missing_yield_2y_z,-0.0007198605604687808
2025-07-01,states_interactions,missing_yield_2y_change_3m_z,-0.00274134680274481
2025-07-01,states_interactions,missing_curve_2s10s_z,-0.004125065014118579
2025-07-01,states_interactions,missing_cds_5y_z,0.00695650014784171
2025-07-01,states_interactions,missing_cds_5y_change_3m_z,0.006895161024068025
2025-07-01,states_interactions,missing_fx_vol_1m_z,0.0041318736892693355
2025-07-01,states_interactions,missing_fx_vol_change_3m_z,0.004793960800860203
2025-07-01,states_interactions,cheap_x_growth,-0.0014036428956142614
2025-07-01,states_interactions,weak_growth_x_tight_policy,0.004289004326803275
2025-07-01,primitives_interactions,gdp_expectation_z,-0.0032761826355443
2025-07-01,primitives_interactions,gdp_revision_3m_z,-0.002172323084109985
2025-07-01,primitives_interactions,cpi_expectation_z,0.0006897336397824347
2025-07-01,primitives_interactions,cpi_revision_3m_z,0.003419291249840004
2025-07-01,primitives_interactions,yield_2y_z,-0.0001443736301037056
2025-07-01,primitives_interactions,yield_2y_change_3m_z,0.0008707907295893934
2025-07-01,primitives_interactions,curve_2s10s_z,0.0003071211525296295
2025-07-01,primitives_interactions,cds_5y_z,0.0066371050414367255
2025-07-01,primitives_interactions,cds_5y_change_3m_z,0.0024295889762751236
2025-07-01,primitives_interactions,fx_vol_1m_z,0.0036126496196531377
2025-07-01,primitives_interactions,fx_vol_change_3m_z,0.0024974035632981525
2025-07-01,primitives_interactions,cheap_pb_z,0.00013435901783026932
2025-07-01,primitives_interactions,momentum_12_1_z,0.0004653072173262139
2025-07-01,primitives_interactions,return_vol_12m_z,0.002993371338507586
2025-07-01,primitives_interactions,missing_gdp_expectation_z,0.0
2025-07-01,primitives_interactions,missing_gdp_revision_3m_z,0.0
2025-07-01,primitives_interactions,missing_cpi_expectation_z,0.0
2025-07-01,primitives_interactions,missing_cpi_revision_3m_z,0.0
2025-07-01,primitives_interactions,missing_yield_2y_z,-0.0007712460268757044
2025-07-01,primitives_interactions,missing_yield_2y_change_3m_z,-0.0028174287216776455
2025-07-01,primitives_interactions,missing_curve_2s10s_z,-0.004255200141794005
2025-07-01,primitives_interactions,missing_cds_5y_z,0.006987898435458879
2025-07-01,primitives_interactions,missing_cds_5y_change_3m_z,0.006925957256648266
2025-07-01,primitives_interactions,missing_fx_vol_1m_z,0.004196336258817657
2025-07-01,primitives_interactions,missing_fx_vol_change_3m_z,0.004855952947355257
2025-07-01,primitives_interactions,cheap_x_growth,-0.001275000220003391
2025-07-01,primitives_interactions,weak_growth_x_tight_policy,0.003835760025882058
2026-07-01,market_only,cheap_pb_z,0.0004799785890972171
2026-07-01,market_only,momentum_12_1_z,-0.002294125081755257
2026-07-01,market_only,return_vol_12m_z,0.00283962581127795
2026-07-01,primitives,gdp_expectation_z,-0.0046919547902319865
2026-07-01,primitives,gdp_revision_3m_z,-0.004300536616206195
2026-07-01,primitives,cpi_expectation_z,0.001875228670567561
2026-07-01,primitives,cpi_revision_3m_z,0.003720635266892245
2026-07-01,primitives,yield_2y_z,-3.595634838475847e-05
2026-07-01,primitives,yield_2y_change_3m_z,0.0007929523712345013
2026-07-01,primitives,curve_2s10s_z,-0.0005299357550806952
2026-07-01,primitives,cds_5y_z,0.005603988418966005
2026-07-01,primitives,cds_5y_change_3m_z,0.001927383414343475
2026-07-01,primitives,fx_vol_1m_z,0.003991506022298133
2026-07-01,primitives,fx_vol_change_3m_z,0.0028941726421677786
2026-07-01,primitives,cheap_pb_z,0.0006918210456839838
2026-07-01,primitives,momentum_12_1_z,0.0004391332856774562
2026-07-01,primitives,return_vol_12m_z,0.0005943597633073891
2026-07-01,primitives,missing_gdp_expectation_z,0.0
2026-07-01,primitives,missing_gdp_revision_3m_z,0.0
2026-07-01,primitives,missing_cpi_expectation_z,0.0
2026-07-01,primitives,missing_cpi_revision_3m_z,0.0
2026-07-01,primitives,missing_yield_2y_z,-0.0004931402120700426
2026-07-01,primitives,missing_yield_2y_change_3m_z,-0.0025650379933634215
2026-07-01,primitives,missing_curve_2s10s_z,-0.0038901080560193703
2026-07-01,primitives,missing_cds_5y_z,0.005841504107058363
2026-07-01,primitives,missing_cds_5y_change_3m_z,0.005786941148193606
2026-07-01,primitives,missing_fx_vol_1m_z,0.0030676009660581954
2026-07-01,primitives,missing_fx_vol_change_3m_z,0.00367017899824213
2026-07-01,states,growth,-0.0065304641623504835
2026-07-01,states,inflation,0.004351945386852361
2026-07-01,states,policy_tightness,0.0011228897431860838
2026-07-01,states,financial_stress,0.007527345774666572
2026-07-01,states,cheap_pb_z,0.0012230351558216342
2026-07-01,states,momentum_12_1_z,-0.00011162877598432056
2026-07-01,states,return_vol_12m_z,0.001128865698442174
2026-07-01,states,missing_gdp_expectation_z,0.0
2026-07-01,states,missing_gdp_revision_3m_z,0.0
2026-07-01,states,missing_cpi_expectation_z,0.0
2026-07-01,states,missing_cpi_revision_3m_z,0.0
2026-07-01,states,missing_yield_2y_z,-0.00047686430634013216
2026-07-01,states,missing_yield_2y_change_3m_z,-0.0025373085133617024
2026-07-01,states,missing_curve_2s10s_z,-0.003814437827494331
2026-07-01,states,missing_cds_5y_z,0.005841029975955025
2026-07-01,states,missing_cds_5y_change_3m_z,0.005786791279824568
2026-07-01,states,missing_fx_vol_1m_z,0.0030203774897543966
2026-07-01,states,missing_fx_vol_change_3m_z,0.0036258221465021085
2026-07-01,states_interactions,growth,-0.00543052741863899
2026-07-01,states_interactions,inflation,0.004207469048204895
2026-07-01,states_interactions,policy_tightness,0.00031388226618799133
2026-07-01,states_interactions,financial_stress,0.007323958956240923
2026-07-01,states_interactions,cheap_pb_z,0.001562913384348736
2026-07-01,states_interactions,momentum_12_1_z,-1.4511530908090084e-05
2026-07-01,states_interactions,return_vol_12m_z,0.0009799334340374747
2026-07-01,states_interactions,missing_gdp_expectation_z,0.0
2026-07-01,states_interactions,missing_gdp_revision_3m_z,0.0
2026-07-01,states_interactions,missing_cpi_expectation_z,0.0
2026-07-01,states_interactions,missing_cpi_revision_3m_z,0.0
2026-07-01,states_interactions,missing_yield_2y_z,-0.0002676232595461664
2026-07-01,states_interactions,missing_yield_2y_change_3m_z,-0.0023510724534094355
2026-07-01,states_interactions,missing_curve_2s10s_z,-0.0036498844337387415
2026-07-01,states_interactions,missing_cds_5y_z,0.0057914745370609404
2026-07-01,states_interactions,missing_cds_5y_change_3m_z,0.0057368742433116
2026-07-01,states_interactions,missing_fx_vol_1m_z,0.0030094369698897075
2026-07-01,states_interactions,missing_fx_vol_change_3m_z,0.0036156762020946387
2026-07-01,states_interactions,cheap_x_growth,-0.0026116060298571227
2026-07-01,states_interactions,weak_growth_x_tight_policy,0.003949820968850594
2026-07-01,primitives_interactions,gdp_expectation_z,-0.004039478754881258
2026-07-01,primitives_interactions,gdp_revision_3m_z,-0.003557494567610045
2026-07-01,primitives_interactions,cpi_expectation_z,0.0017878892001900243
2026-07-01,primitives_interactions,cpi_revision_3m_z,0.0036735495245053774
2026-07-01,primitives_interactions,yield_2y_z,-0.00043343836418879264
2026-07-01,primitives_interactions,yield_2y_change_3m_z,0.00031006692668454714
2026-07-01,primitives_interactions,curve_2s10s_z,-0.0001959750299275322
2026-07-01,primitives_interactions,cds_5y_z,0.005449113321678601
2026-07-01,primitives_interactions,cds_5y_change_3m_z,0.001897902194350978
2026-07-01,primitives_interactions,fx_vol_1m_z,0.0039001834791492166
2026-07-01,primitives_interactions,fx_vol_change_3m_z,0.0028717131065214823
2026-07-01,primitives_interactions,cheap_pb_z,0.0010489037819889988
2026-07-01,primitives_interactions,momentum_12_1_z,0.0004744838584643786
2026-07-01,primitives_interactions,return_vol_12m_z,0.0004974528671583116
2026-07-01,primitives_interactions,missing_gdp_expectation_z,0.0
2026-07-01,primitives_interactions,missing_gdp_revision_3m_z,0.0
2026-07-01,primitives_interactions,missing_cpi_expectation_z,0.0
2026-07-01,primitives_interactions,missing_cpi_revision_3m_z,0.0
2026-07-01,primitives_interactions,missing_yield_2y_z,-0.0003087706596081542
2026-07-01,primitives_interactions,missing_yield_2y_change_3m_z,-0.002398237481430962
2026-07-01,primitives_interactions,missing_curve_2s10s_z,-0.0037391219388569117
2026-07-01,primitives_interactions,missing_cds_5y_z,0.005800545637808278
2026-07-01,primitives_interactions,missing_cds_5y_change_3m_z,0.005745622244940322
2026-07-01,primitives_interactions,missing_fx_vol_1m_z,0.0030569449097734365
2026-07-01,primitives_interactions,missing_fx_vol_change_3m_z,0.003660056307813724
2026-07-01,primitives_interactions,cheap_x_growth,-0.002396545456661484
2026-07-01,primitives_interactions,weak_growth_x_tight_policy,0.003507863554376957
