date,equal_weight,broad_equal_weight,market_only,primitives,states,states_interactions,primitives_interactions,value_momentum
2018-07-01,1.0028268806892733,1.0028226900900035,1.0041337045604635,1.0031095585787992,1.002867259770598,1.002867259770598,1.002867259770598,1.0001345683062206
2018-08-01,0.9983688215829376,0.9984394757660118,0.9950328879250508,1.0007201628747902,1.0012758985035135,1.0012758985035135,1.0012764210974912,0.9961154433344662
2018-09-01,0.9996549627752869,0.9989068783623517,0.9977418055118082,1.003383461138515,1.0043063196569637,1.0043063196569637,1.0033283048054065,0.9979287900222852
2018-10-01,0.9737560956753188,0.9739897684541383,0.9752281411640773,0.9792977456415233,0.9775427155671621,0.9775427155671621,0.9764949175914628,0.9655616212327537
2018-11-01,0.9833845678255995,0.9838299210420742,0.9955509751949904,0.9885058789426405,0.9863562988012609,0.9863562988012609,0.985709240553206,0.9759068061644779
2018-12-01,0.9660354576080369,0.9678312922286505,0.9896744429261668,0.9566670566792509,0.9544553456101077,0.9545711752268782,0.953666257349405,0.9624216448223588
2019-01-01,1.0121954360643384,1.0127072715012155,1.0480075354291771,1.0054544212171255,0.9995215471716368,1.000843546835489,1.0006318532730067,1.0021099189056981
2019-02-01,1.02045704657246,1.02045058687081,1.035689906467546,1.0248392051084254,1.0206695312068184,1.0213578079652867,1.0214527528886257,1.0160996889444547
2019-03-01,1.01691951261537,1.0199021264550887,1.0159417482849245,1.0198560070177651,1.0170727133405895,1.0161157898797215,1.0172985475100023,1.0149172082155684
2019-04-01,1.0374537229079255,1.041030108592748,1.037040211920523,1.0421700879628484,1.0427488708591597,1.0405713799536993,1.040803181571956,1.0344057102994255
2019-05-01,0.9842360881837087,0.9881675170246926,0.9859388669636255,0.9814299442784874,0.9815298861334466,0.9802695137466014,0.9796720968639773,0.9785965043752486
2019-06-01,1.0450808999635484,1.0462933868732431,1.0454208526200133,1.0530051249823873,1.051610249225368,1.050308950803288,1.0503309752719119,1.041529999086309
2019-07-01,1.0367749026498199,1.0364263071522908,1.0401889458302587,1.0583384379577896,1.0524680665096338,1.0529251287765526,1.0547694076271295,1.0231969811391997
2019-08-01,0.9970607116869019,0.9955784200480802,0.990434326309649,1.0238959096621,1.0191799245383146,1.0185819652898405,1.021291585708151,0.9738726334357908
2019-09-01,1.0165529018073285,1.0148892694880887,1.0278269539048766,1.048540200066254,1.0443727365402469,1.0448852711307612,1.0458940879610843,0.9947226825032895
2019-10-01,1.0442997740580169,1.0409483385049203,1.052419011021084,1.0808497512622683,1.0797624659388283,1.0787755607351808,1.0782502342643672,1.0308312359464504
2019-11-01,1.0475118753943395,1.0442392905080367,1.058873166766297,1.1120354047383847,1.1118641079090645,1.1117307743800664,1.1098280393054796,1.027717096083227
2019-12-01,1.093882032384711,1.0900877401872995,1.112308859583251,1.1493615823208922,1.1506198041423557,1.1504298867807856,1.1470978562461598,1.0697283231143837
2020-01-01,1.059357604045454,1.056167069206865,1.0710172764912342,1.136578949596613,1.1386615633651365,1.1387646748414542,1.1345108643228368,1.035128251100575
2020-02-01,0.9747754024885662,0.9719226250770351,0.9674459342079018,1.0531507039190415,1.0546345676898414,1.0538076485201118,1.051057665787617,0.949317625691241
2020-03-01,0.8101815968730199,0.8063437083573832,0.7969916431417055,0.9065306774021299,0.9111943045263015,0.9106671309914733,0.9056374875940582,0.7657916338867551
2020-04-01,0.8812787129507373,0.8790539941860775,0.8739312576772733,1.0072347117255978,1.008668048500138,1.0086167655123346,1.004660055530093,0.8223588578043455
2020-05-01,0.914171490854556,0.9102702892268972,0.9030664279077382,1.0544038038396581,1.0602787010821297,1.0637157818546599,1.0555106830527106,0.8389214501725449
2020-06-01,0.9594993702014851,0.9542958284095019,0.9464060688692584,1.0973976422442986,1.100246369555462,1.104970577395469,1.0971668169844522,0.8913249459261048
2020-07-01,1.0024680968640276,0.9978479516931861,0.98406132627186,1.149189251963641,1.1548509699913905,1.1661488817375287,1.1510887168212585,0.9154594108682725
2020-08-01,1.0293756526863813,1.0256963086067064,0.9876691827810693,1.2153021244770335,1.2235112712457328,1.2366095500779006,1.2192646854693003,0.9415373520395833
2020-09-01,0.9974275486307254,0.9966313901268796,0.9444158355804667,1.1795497119987306,1.1898922267763181,1.2039185924072862,1.185141179620401,0.9205467780433932
2020-10-01,0.9807688212485837,0.9803251341027587,0.9437500765212907,1.1608437723075806,1.1650552820912767,1.1738414133039876,1.1637675315922484,0.8948262792600487
2020-11-01,1.1257340234608508,1.1220984508579188,1.0943211619104218,1.3195547532635294,1.3268857560093397,1.3389657680206413,1.3247187022016544,1.029767415680773
2020-12-01,1.199998972684988,1.195045005896092,1.1622132662983944,1.399374043168831,1.4018982375420919,1.4122564352437625,1.4031732664145122,1.1085455177789703
2021-01-01,1.192944586596807,1.1876565033497244,1.1379204138564918,1.4006684179253022,1.4056781349644991,1.420336394204715,1.4049824123005938,1.1164307010203118
2021-02-01,1.2185480456718856,1.2152312312518507,1.161737763372678,1.436631487168184,1.4481765687411658,1.4633259981394988,1.4416408989906133,1.1337060480153074
2021-03-01,1.232598727615314,1.232887639650782,1.1718087171022415,1.4682215592283745,1.4861696370201183,1.5032002173724879,1.474311448847848,1.126743092615275
2021-04-01,1.2702140366665755,1.2702323050529924,1.1949526066113665,1.5323621099937803,1.5546746435220236,1.5707909563308595,1.538474432525505,1.1404191789177847
2021-05-01,1.3075513366650653,1.3085781574938058,1.2396166998631668,1.5603069089792712,1.581939814099828,1.5974473422297784,1.5646369427877302,1.1575067312039666
2021-06-01,1.2950145025378426,1.2979771027066433,1.210569311472807,1.5828019319081508,1.602740785080556,1.6167616090263581,1.5874408941643474,1.1415484506467433
2021-07-01,1.2739023713596977,1.2788140069614822,1.188085216066874,1.5975523029234078,1.6190297445847788,1.6343709917806923,1.6016142190621903,1.0996749454952615
2021-08-01,1.3112257053459875,1.3202134713711353,1.250394711727166,1.6390621493091198,1.659738073785247,1.6754237474952358,1.6443436999766177,1.1125582263992295
2021-09-01,1.2516088042909295,1.2655103912861323,1.185696737467242,1.5674798908780119,1.592071138265604,1.6071125976981533,1.5741167505828242,1.0642543863086977
2021-10-01,1.288836087803932,1.3011883357891518,1.218151540167707,1.662262663651322,1.686944280257848,1.7045522425830302,1.670081168890152,1.0727801127119578
2021-11-01,1.2325914465997463,1.243596744046873,1.1493197565585413,1.6089148261717887,1.6335759469970395,1.6502750492468685,1.6169942251424136,1.0186125582272665
2021-12-01,1.2775060339174562,1.289445630115675,1.1892081509756385,1.6697675907591076,1.692410357972539,1.7081943343559773,1.676039056911499,1.0588978183389774
2022-01-01,1.2417335167391652,1.2590150661148307,1.1698198467108445,1.5485709581663378,1.5699286194908957,1.5833869028462129,1.5524425934253951,1.0403754046291949
2022-02-01,1.2334063147736107,1.250724036882048,1.1629165853948664,1.5245107837856784,1.5395127190662172,1.558592161679183,1.5299039348529262,1.0266700514111855
2022-03-01,1.2587979537350162,1.2780777210133165,1.1709243318402067,1.554991657676396,1.5678204321791167,1.5899433114247647,1.5618938830736684,1.050841088238884
2022-04-01,1.1701513846132259,1.195951957719795,1.1055839612790335,1.4262433719557748,1.4370740976097627,1.4585566579896923,1.4314597312608008,0.9662680550252419
2022-05-01,1.1826260781044364,1.2024110595946462,1.0987198019248439,1.4081629891296314,1.4170629901386724,1.437152354215536,1.4116313629206836,0.9948930184048925
2022-06-01,1.067491948450855,1.0859717792137156,1.0261935068564922,1.285920830393175,1.2901607166019566,1.3113059750350884,1.2889129435262143,0.8804957952285635
2022-07-01,1.1007867218294867,1.122807348592867,1.0515947995412143,1.394927723477054,1.3964971886530124,1.4186877028144447,1.3955996337768306,0.9019480950899758
2022-08-01,1.0827869506037728,1.107371988348179,1.0221021604577556,1.3176256122627281,1.3199485915892777,1.3415428349114276,1.320730684217295,0.8829786919737278
2022-09-01,0.9821885750767281,1.0060825202775474,0.9154630779065093,1.1926382932146868,1.191962062468582,1.2131579985204208,1.1966007608058908,0.8083965390413183
2022-10-01,1.0261786345490616,1.0502207669402956,0.9457287371652099,1.2782926643787156,1.2793378214808548,1.301261786294746,1.2834566068142494,0.8743603026510448
2022-11-01,1.142785607309302,1.1641081432035778,1.063357218371325,1.393824791533775,1.3914461311808841,1.4147027502888083,1.3934211756507744,0.9780372437359424
2022-12-01,1.1354606575176656,1.1545792872633514,1.0611562677913189,1.3645572809992945,1.358652601955849,1.3822974026855566,1.3632841732938485,0.9867281532987486
2023-01-01,1.221858292376214,1.2384245009196346,1.1461115615156543,1.4768902716138075,1.4702246301469635,1.4967560232086274,1.4728973934794496,1.0414337186161562
2023-02-01,1.1798223924443656,1.1951048572060854,1.1147435183256982,1.4539419494307364,1.4539636722871492,1.4824032698139158,1.4590759274349625,1.0160086313651147
2023-03-01,1.2049950352712018,1.2204757316990977,1.1599031648890648,1.4988602017359534,1.4983650808817606,1.5271565116849395,1.5005434902954327,1.0130056383805959
2023-04-01,1.2187585650242483,1.2355220721070228,1.1641995633773372,1.5181859258704813,1.524632785259738,1.5525973814092076,1.5253725283010868,1.0183400647084813
2023-05-01,1.175054022661091,1.1933825105342764,1.14603439469308,1.4886588531141496,1.4953186071795095,1.518139462539616,1.4919887421161686,0.9700564990204874
2023-06-01,1.2313471681592303,1.2505207645866405,1.1869563828078826,1.5616778747811524,1.568674025197618,1.5936011267275985,1.5661325267923354,1.0217223636722557
2023-07-01,1.2959015268760465,1.31528394444264,1.2321698960566585,1.6199365511147592,1.6210617958656106,1.6469348504843417,1.6199214535556141,1.0933952182307787
2023-08-01,1.2353479516555148,1.254923934647976,1.1717217803756315,1.5755593140758108,1.5723967715271696,1.597053226563209,1.5752093158667786,1.0436628571585762
2023-09-01,1.1864897528330447,1.2073295901700032,1.1191588961446812,1.5011335205564504,1.4988905058593702,1.5247489591549228,1.5017293306434325,1.0162436224859905
2023-10-01,1.1394118357083363,1.1598284564073587,1.0859257242129643,1.4371206065037931,1.444809186116109,1.4691225363764513,1.4398813264571442,0.9731468403358401
2023-11-01,1.2415878310183972,1.2630135143136898,1.1718450685861623,1.5805544378515908,1.590513691165144,1.6185928246626289,1.5826643842717618,1.0697754812760198
2023-12-01,1.306516358874147,1.3301955419214164,1.2161103420764592,1.6849247179003382,1.7006917157579724,1.7334342187179559,1.686605404015772,1.1052512243642238
2024-01-01,1.27992726371467,1.3050436549734052,1.1839885242825856,1.6846142079555957,1.708406014206599,1.7379540191482945,1.6867973629598039,1.0819968331586944
2024-02-01,1.3219603687979715,1.3476696710852796,1.233618551956083,1.7571915919982493,1.7808326501851628,1.8124618743604912,1.759415857440272,1.1195731076933302
2024-03-01,1.3567708662398195,1.3823755966996145,1.2679543607336061,1.8050010529313802,1.8292481450391849,1.8584117972155167,1.8064418585427315,1.1652324044573814
2024-04-01,1.3337394613418092,1.3606021632305798,1.2520956869692057,1.7257724867937871,1.7539695355355094,1.7823456350026556,1.7281739188974643,1.1528753890458738
2024-05-01,1.3661364752567398,1.3929592665529542,1.2987510931422754,1.821633519658136,1.8522179039286693,1.883755855245348,1.82352407569154,1.1796122080140659
2024-06-01,1.3640188961616406,1.3939111160026822,1.3168997711095511,1.8481130723456194,1.8773019521299088,1.907927113304112,1.8491311983313516,1.1677739987783529
2024-07-01,1.3833217077792526,1.4148279744436625,1.3197820715833326,1.8681962882220777,1.8984875257496059,1.9281523414884585,1.8691409082491002,1.1796765369749087
2024-08-01,1.4253121727614135,1.4568429750399878,1.354489593032013,1.9095781686881872,1.943605342907651,1.9725102623075526,1.9107563503940033,1.1964179166351574
2024-09-01,1.47382949225369,1.5058770906183603,1.3992023883341416,1.9012478093947198,1.9416157979338462,1.9672550577905996,1.9051415082160064,1.202152457539305
2024-10-01,1.4044988253139972,1.4336453474413238,1.3217812760888545,1.83894963696235,1.8691096062576331,1.8911439284134826,1.8432764396853312,1.1348197614709807
2024-11-01,1.3887662109801087,1.4178677852295536,1.2978487875113136,1.8876886335512846,1.9220091194558542,1.9414399418831734,1.8917122818494265,1.1067266068433568
2024-12-01,1.3594417652920416,1.3876559065799818,1.2570393465448888,1.8129909437627383,1.8427412816005218,1.8611516644940522,1.8174060009267792,1.0863182780471403
2025-01-01,1.408448074954691,1.4347930035475565,1.3035605788887341,1.8717939636197056,1.904539005087239,1.9219154722889384,1.8739497239993543,1.1488807990997898
2025-02-01,1.4260296740968044,1.449049573309572,1.334173461396139,1.8742830020816879,1.9086202258826233,1.9250576017186884,1.8767123534581518,1.1918049273196638
2025-03-01,1.4214338458745237,1.4478880361803614,1.3263307291060593,1.7801261983190415,1.8110806699751043,1.8243986882810028,1.78311803947663,1.2085818601624783
2025-04-01,1.4598427402440892,1.4878283068784497,1.356886218125128,1.8021415540374561,1.8346971848805915,1.8463353196357777,1.8046175875979942,1.2334739777571082
2025-05-01,1.525007665317023,1.5529394262539524,1.4332191738603117,1.915119734125006,1.9482616004621698,1.9628919504483577,1.9191159017907986,1.2879504291370032
2025-06-01,1.5820894107709986,1.6109513215082112,1.4740499735090806,1.9866758059209482,2.0217245246292475,2.0379256810384883,1.9908473932482051,1.34620241513143
2025-07-01,1.5911214820103843,1.617642032438233,1.4649055381052398,1.9559240283825257,1.9956366195995217,2.008021288105157,1.9599186727231412,1.3707785894821343
2025-08-01,1.6561995753920709,1.681065714001388,1.5107953161715075,2.0349791820277963,2.0781446142683233,2.0896431646192566,2.0390851031537873,1.436035051549268
2025-09-01,1.7151693268075663,1.7395524835246081,1.5629002926639797,2.0991432125942073,2.143591250491908,2.160783380744885,2.1034194769420456,1.493104272107668
2025-10-01,1.7464561984306037,1.7724523460090023,1.5985723834700876,2.123954057403143,2.1759042783853486,2.1929468649425488,2.128277237923408,1.4963755846780389
2025-11-01,1.7564731083253657,1.7828280506636751,1.5905934630412983,2.1362303204948443,2.189700193930646,2.205961206019725,2.1406098546463976,1.5133196772757185
2025-12-01,1.8159278026571248,1.8412111359351415,1.6413624094461703,2.1747802535364027,2.2313366838854423,2.2483785585000566,2.1792613390935163,1.564063638353365
2026-01-01,1.9466398138840955,1.9678367323385653,1.7696744791417742,2.2859708630885827,2.34684731591001,2.366369643934127,2.2905499348859246,1.6952756244085527
2026-02-01,2.0121033281132488,2.0329128983747022,1.8376283612722424,2.249708743351629,2.320938215932867,2.339112351990347,2.2543283906208327,1.7030754431134447
2026-03-01,1.8236684820291311,1.839976867425433,1.6319792586891921,2.0942057733884525,2.1554002164653108,2.169106603655794,2.097499608229377,1.551089629047574
2026-04-01,1.9707166288916524,1.9886168776940212,1.8384898455953103,2.3046359841482147,2.3758927698720136,2.3937308354185927,2.301522385603879,1.685360757573357
2026-05-01,2.036504908563436,2.053188892572904,2.013835125951262,2.423198987779926,2.4938576832561052,2.5144420527603053,2.4105010591056084,1.7621045868365488
2026-06-01,2.0168442181196675,2.0346416097523106,2.00635361520785,2.460243982966399,2.5338195650260973,2.5563896611694683,2.4507086030012006,1.71712575052303
2026-07-01,2.036023509131568,2.054312230068639,1.918589826622405,2.4244250754658165,2.504069214959618,2.52442000562257,2.420231967644865,1.7335982430634802
