fit_date,training_first,training_last,latest_label_available,training_origins,training_rows
2018-07-01,2012-08-01,2017-07-01,2018-07-01,60,1694
2019-07-01,2012-08-01,2018-07-01,2019-07-01,72,2064
2020-07-01,2012-08-01,2019-07-01,2020-07-01,84,2448
2021-07-01,2012-08-01,2020-07-01,2021-07-01,96,2832
2022-07-01,2012-08-01,2021-07-01,2022-07-01,108,3216
2023-07-01,2012-08-01,2022-07-01,2023-07-01,120,3602
2024-07-01,2012-08-01,2023-07-01,2024-07-01,132,3998
2025-07-01,2012-08-01,2024-07-01,2025-07-01,144,4394
2026-07-01,2012-08-01,2025-07-01,2026-07-01,156,4790
