date,country,sleeve,new_allocation,eligible_count
2018-07-01,Denmark,0,0.011904761904761904,32
2018-07-01,NASDAQ,0,0.011904761904761904,32
2018-07-01,US SmallCap,0,0.011904761904761904,32
2018-07-01,U.S.,0,0.011904761904761904,32
2018-07-01,Sweden,0,0.011904761904761904,32
2018-07-01,Germany,0,0.011904761904761904,32
2018-07-01,U.K.,0,0.011904761904761904,32
2018-08-01,Denmark,1,0.011904761904761904,32
2018-08-01,NASDAQ,1,0.011904761904761904,32
2018-08-01,Turkey,1,0.011904761904761904,32
2018-08-01,US SmallCap,1,0.011904761904761904,32
2018-08-01,U.S.,1,0.011904761904761904,32
2018-08-01,Germany,1,0.011904761904761904,32
2018-08-01,Sweden,1,0.011904761904761904,32
2018-09-01,Turkey,2,0.011904761904761904,32
2018-09-01,Denmark,2,0.011904761904761904,32
2018-09-01,NASDAQ,2,0.011904761904761904,32
2018-09-01,US SmallCap,2,0.011904761904761904,32
2018-09-01,U.S.,2,0.011904761904761904,32
2018-09-01,Germany,2,0.011904761904761904,32
2018-09-01,U.K.,2,0.011904761904761904,32
2018-10-01,Turkey,3,0.011904761904761904,32
2018-10-01,Denmark,3,0.011904761904761904,32
2018-10-01,NASDAQ,3,0.011904761904761904,32
2018-10-01,US SmallCap,3,0.011904761904761904,32
2018-10-01,U.S.,3,0.011904761904761904,32
2018-10-01,U.K.,3,0.011904761904761904,32
2018-10-01,Italy,3,0.011904761904761904,32
2018-11-01,Turkey,4,0.011904761904761904,32
2018-11-01,Denmark,4,0.011904761904761904,32
2018-11-01,US SmallCap,4,0.011904761904761904,32
2018-11-01,NASDAQ,4,0.011904761904761904,32
2018-11-01,U.S.,4,0.011904761904761904,32
2018-11-01,Italy,4,0.011904761904761904,32
2018-11-01,U.K.,4,0.011904761904761904,32
2018-12-01,Turkey,5,0.011904761904761904,32
2018-12-01,Denmark,5,0.011904761904761904,32
2018-12-01,U.K.,5,0.011904761904761904,32
2018-12-01,US SmallCap,5,0.011904761904761904,32
2018-12-01,NASDAQ,5,0.011904761904761904,32
2018-12-01,U.S.,5,0.011904761904761904,32
2018-12-01,Italy,5,0.011904761904761904,32
2019-01-01,Denmark,6,0.011904761904761904,32
2019-01-01,US SmallCap,6,0.011904761904761904,32
2019-01-01,Sweden,6,0.011904761904761904,32
2019-01-01,NASDAQ,6,0.011904761904761904,32
2019-01-01,U.S.,6,0.011904761904761904,32
2019-01-01,U.K.,6,0.011904761904761904,32
2019-01-01,Germany,6,0.011904761904761904,32
2019-02-01,US SmallCap,7,0.011904761904761904,32
2019-02-01,Denmark,7,0.011904761904761904,32
2019-02-01,NASDAQ,7,0.011904761904761904,32
2019-02-01,U.S.,7,0.011904761904761904,32
2019-02-01,Germany,7,0.011904761904761904,32
2019-02-01,Sweden,7,0.011904761904761904,32
2019-02-01,U.K.,7,0.011904761904761904,32
2019-03-01,US SmallCap,8,0.011904761904761904,32
2019-03-01,NASDAQ,8,0.011904761904761904,32
2019-03-01,Sweden,8,0.011904761904761904,32
2019-03-01,U.S.,8,0.011904761904761904,32
2019-03-01,Denmark,8,0.011904761904761904,32
2019-03-01,Germany,8,0.011904761904761904,32
2019-03-01,Italy,8,0.011904761904761904,32
2019-04-01,US SmallCap,9,0.011904761904761904,32
2019-04-01,NASDAQ,9,0.011904761904761904,32
2019-04-01,U.S.,9,0.011904761904761904,32
2019-04-01,Turkey,9,0.011904761904761904,32
2019-04-01,Denmark,9,0.011904761904761904,32
2019-04-01,Sweden,9,0.011904761904761904,32
2019-04-01,Germany,9,0.011904761904761904,32
2019-05-01,US SmallCap,10,0.011904761904761904,32
2019-05-01,NASDAQ,10,0.011904761904761904,32
2019-05-01,U.S.,10,0.011904761904761904,32
2019-05-01,Denmark,10,0.011904761904761904,32
2019-05-01,Turkey,10,0.011904761904761904,32
2019-05-01,Sweden,10,0.011904761904761904,32
2019-05-01,Germany,10,0.011904761904761904,32
2019-06-01,US SmallCap,11,0.011904761904761904,32
2019-06-01,Denmark,11,0.011904761904761904,32
2019-06-01,NASDAQ,11,0.011904761904761904,32
2019-06-01,Turkey,11,0.011904761904761904,32
2019-06-01,U.S.,11,0.011904761904761904,32
2019-06-01,Sweden,11,0.011904761904761904,32
2019-06-01,Germany,11,0.011904761904761904,32
2019-07-01,Denmark,0,0.01223699346637969,32
2019-07-01,US SmallCap,0,0.01223699346637969,32
2019-07-01,NASDAQ,0,0.01223699346637969,32
2019-07-01,U.S.,0,0.01223699346637969,32
2019-07-01,Germany,0,0.01223699346637969,32
2019-07-01,Vietnam,0,0.01223699346637969,32
2019-07-01,Singapore,0,0.01223699346637969,32
2019-08-01,Denmark,1,0.011674406538278462,32
2019-08-01,US SmallCap,1,0.011674406538278462,32
2019-08-01,NASDAQ,1,0.011674406538278462,32
2019-08-01,U.S.,1,0.011674406538278462,32
2019-08-01,Singapore,1,0.011674406538278462,32
2019-08-01,Germany,1,0.011674406538278462,32
2019-08-01,Hong Kong,1,0.011674406538278462,32
2019-09-01,US SmallCap,2,0.011921327033685852,32
2019-09-01,NASDAQ,2,0.011921327033685852,32
2019-09-01,U.S.,2,0.011921327033685852,32
2019-09-01,Denmark,2,0.011921327033685852,32
2019-09-01,Hong Kong,2,0.011921327033685852,32
2019-09-01,Germany,2,0.011921327033685852,32
2019-09-01,Singapore,2,0.011921327033685852,32
2019-10-01,US SmallCap,3,0.012264805583451669,32
2019-10-01,NASDAQ,3,0.012264805583451669,32
2019-10-01,U.S.,3,0.012264805583451669,32
2019-10-01,Hong Kong,3,0.012264805583451669,32
2019-10-01,Denmark,3,0.012264805583451669,32
2019-10-01,Singapore,3,0.012264805583451669,32
2019-10-01,Germany,3,0.012264805583451669,32
2019-11-01,US SmallCap,4,0.01347003734735314,32
2019-11-01,NASDAQ,4,0.01347003734735314,32
2019-11-01,U.S.,4,0.01347003734735314,32
2019-11-01,Denmark,4,0.01347003734735314,32
2019-11-01,Sweden,4,0.01347003734735314,32
2019-11-01,Germany,4,0.01347003734735314,32
2019-11-01,Singapore,4,0.01347003734735314,32
2019-12-01,US SmallCap,5,0.013597803153829075,32
2019-12-01,NASDAQ,5,0.013597803153829075,32
2019-12-01,U.S.,5,0.013597803153829075,32
2019-12-01,Denmark,5,0.013597803153829075,32
2019-12-01,Sweden,5,0.013597803153829075,32
2019-12-01,Germany,5,0.013597803153829075,32
2019-12-01,Hong Kong,5,0.013597803153829075,32
2020-01-01,Denmark,6,0.015084017471872027,32
2020-01-01,US SmallCap,6,0.015084017471872027,32
2020-01-01,NASDAQ,6,0.015084017471872027,32
2020-01-01,U.S.,6,0.015084017471872027,32
2020-01-01,Hong Kong,6,0.015084017471872027,32
2020-01-01,Sweden,6,0.015084017471872027,32
2020-01-01,Germany,6,0.015084017471872027,32
2020-02-01,US SmallCap,7,0.013873011194963094,32
2020-02-01,Denmark,7,0.013873011194963094,32
2020-02-01,NASDAQ,7,0.013873011194963094,32
2020-02-01,U.S.,7,0.013873011194963094,32
2020-02-01,Hong Kong,7,0.013873011194963094,32
2020-02-01,Sweden,7,0.013873011194963094,32
2020-02-01,South Africa,7,0.013873011194963094,32
2020-03-01,Denmark,8,0.012354331854597245,32
2020-03-01,US SmallCap,8,0.012354331854597245,32
2020-03-01,NASDAQ,8,0.012354331854597245,32
2020-03-01,Hong Kong,8,0.012354331854597245,32
2020-03-01,U.S.,8,0.012354331854597245,32
2020-03-01,Thailand,8,0.012354331854597245,32
2020-03-01,Australia,8,0.012354331854597245,32
2020-04-01,US SmallCap,9,0.010574456793735799,32
2020-04-01,NASDAQ,9,0.010574456793735799,32
2020-04-01,U.S.,9,0.010574456793735799,32
2020-04-01,Mexico,9,0.010574456793735799,32
2020-04-01,Sweden,9,0.010574456793735799,32
2020-04-01,Denmark,9,0.010574456793735799,32
2020-04-01,Vietnam,9,0.010574456793735799,32
2020-05-01,Denmark,10,0.011367209170083591,32
2020-05-01,US SmallCap,10,0.011367209170083591,32
2020-05-01,U.S.,10,0.011367209170083591,32
2020-05-01,NASDAQ,10,0.011367209170083591,32
2020-05-01,Vietnam,10,0.011367209170083591,32
2020-05-01,Indonesia,10,0.011367209170083591,32
2020-05-01,Mexico,10,0.011367209170083591,32
2020-06-01,Denmark,11,0.01294260570029534,32
2020-06-01,US SmallCap,11,0.01294260570029534,32
2020-06-01,U.S.,11,0.01294260570029534,32
2020-06-01,NASDAQ,11,0.01294260570029534,32
2020-06-01,Vietnam,11,0.01294260570029534,32
2020-06-01,Indonesia,11,0.01294260570029534,32
2020-06-01,Germany,11,0.01294260570029534,32
2020-07-01,US SmallCap,0,0.012411975804643302,32
2020-07-01,Denmark,0,0.012411975804643302,32
2020-07-01,U.S.,0,0.012411975804643302,32
2020-07-01,NASDAQ,0,0.012411975804643302,32
2020-07-01,Singapore,0,0.012411975804643302,32
2020-07-01,Korea,0,0.012411975804643302,32
2020-07-01,U.K.,0,0.012411975804643302,32
2020-08-01,US SmallCap,1,0.012476668892667539,32
2020-08-01,U.S.,1,0.012476668892667539,32
2020-08-01,NASDAQ,1,0.012476668892667539,32
2020-08-01,Denmark,1,0.012476668892667539,32
2020-08-01,Singapore,1,0.012476668892667539,32
2020-08-01,Switzerland,1,0.012476668892667539,32
2020-08-01,U.K.,1,0.012476668892667539,32
2020-09-01,US SmallCap,2,0.0139687217176549,32
2020-09-01,U.S.,2,0.0139687217176549,32
2020-09-01,NASDAQ,2,0.0139687217176549,32
2020-09-01,Denmark,2,0.0139687217176549,32
2020-09-01,Switzerland,2,0.0139687217176549,32
2020-09-01,Singapore,2,0.0139687217176549,32
2020-09-01,Netherlands,2,0.0139687217176549,32
2020-10-01,US SmallCap,3,0.013800244592182653,32
2020-10-01,U.S.,3,0.013800244592182653,32
2020-10-01,NASDAQ,3,0.013800244592182653,32
2020-10-01,Thailand,3,0.013800244592182653,32
2020-10-01,Denmark,3,0.013800244592182653,32
2020-10-01,Singapore,3,0.013800244592182653,32
2020-10-01,U.K.,3,0.013800244592182653,32
2020-11-01,US SmallCap,4,0.014464392478725411,32
2020-11-01,U.S.,4,0.014464392478725411,32
2020-11-01,NASDAQ,4,0.014464392478725411,32
2020-11-01,Denmark,4,0.014464392478725411,32
2020-11-01,U.K.,4,0.014464392478725411,32
2020-11-01,Singapore,4,0.014464392478725411,32
2020-11-01,Thailand,4,0.014464392478725411,32
2020-12-01,US SmallCap,5,0.016462150267556482,32
2020-12-01,U.S.,5,0.016462150267556482,32
2020-12-01,NASDAQ,5,0.016462150267556482,32
2020-12-01,Denmark,5,0.016462150267556482,32
2020-12-01,U.K.,5,0.016462150267556482,32
2020-12-01,Sweden,5,0.016462150267556482,32
2020-12-01,Germany,5,0.016462150267556482,32
2021-01-01,US SmallCap,6,0.01861269165356106,32
2021-01-01,U.S.,6,0.01861269165356106,32
2021-01-01,NASDAQ,6,0.01861269165356106,32
2021-01-01,Denmark,6,0.01861269165356106,32
2021-01-01,Sweden,6,0.01861269165356106,32
2021-01-01,Switzerland,6,0.01861269165356106,32
2021-01-01,Canada,6,0.01861269165356106,32
2021-02-01,U.S.,7,0.017357793230427875,32
2021-02-01,US SmallCap,7,0.017357793230427875,32
2021-02-01,NASDAQ,7,0.017357793230427875,32
2021-02-01,Denmark,7,0.017357793230427875,32
2021-02-01,Vietnam,7,0.017357793230427875,32
2021-02-01,Canada,7,0.017357793230427875,32
2021-02-01,Switzerland,7,0.017357793230427875,32
2021-03-01,Denmark,8,0.016559023347524977,32
2021-03-01,U.S.,8,0.016559023347524977,32
2021-03-01,US SmallCap,8,0.016559023347524977,32
2021-03-01,NASDAQ,8,0.016559023347524977,32
2021-03-01,Switzerland,8,0.016559023347524977,32
2021-03-01,Singapore,8,0.016559023347524977,32
2021-03-01,Canada,8,0.016559023347524977,32
2021-04-01,Denmark,9,0.017755499344060607,32
2021-04-01,US SmallCap,9,0.017755499344060607,32
2021-04-01,U.S.,9,0.017755499344060607,32
2021-04-01,NASDAQ,9,0.017755499344060607,32
2021-04-01,Switzerland,9,0.017755499344060607,32
2021-04-01,Vietnam,9,0.017755499344060607,32
2021-04-01,Singapore,9,0.017755499344060607,32
2021-05-01,Denmark,10,0.017378297245649692,32
2021-05-01,NASDAQ,10,0.017378297245649692,32
2021-05-01,US SmallCap,10,0.017378297245649692,32
2021-05-01,U.S.,10,0.017378297245649692,32
2021-05-01,Vietnam,10,0.017378297245649692,32
2021-05-01,Switzerland,10,0.017378297245649692,32
2021-05-01,Netherlands,10,0.017378297245649692,32
2021-06-01,Denmark,11,0.01852245471546187,32
2021-06-01,NASDAQ,11,0.01852245471546187,32
2021-06-01,US SmallCap,11,0.01852245471546187,32
2021-06-01,U.S.,11,0.01852245471546187,32
2021-06-01,Vietnam,11,0.01852245471546187,32
2021-06-01,Singapore,11,0.01852245471546187,32
2021-06-01,Netherlands,11,0.01852245471546187,32
2021-07-01,NASDAQ,0,0.018159376598199883,32
2021-07-01,Denmark,0,0.018159376598199883,32
2021-07-01,U.S.,0,0.018159376598199883,32
2021-07-01,US SmallCap,0,0.018159376598199883,32
2021-07-01,Switzerland,0,0.018159376598199883,32
2021-07-01,Vietnam,0,0.018159376598199883,32
2021-07-01,Netherlands,0,0.018159376598199883,32
2021-08-01,NASDAQ,1,0.016986808604370286,32
2021-08-01,Denmark,1,0.016986808604370286,32
2021-08-01,U.S.,1,0.016986808604370286,32
2021-08-01,US SmallCap,1,0.016986808604370286,32
2021-08-01,Canada,1,0.016986808604370286,32
2021-08-01,Netherlands,1,0.016986808604370286,32
2021-08-01,Switzerland,1,0.016986808604370286,32
2021-09-01,NASDAQ,2,0.01888372135081742,32
2021-09-01,U.S.,2,0.01888372135081742,32
2021-09-01,Denmark,2,0.01888372135081742,32
2021-09-01,US SmallCap,2,0.01888372135081742,32
2021-09-01,Canada,2,0.01888372135081742,32
2021-09-01,Switzerland,2,0.01888372135081742,32
2021-09-01,Vietnam,2,0.01888372135081742,32
2021-10-01,NASDAQ,3,0.018232992030752786,32
2021-10-01,US SmallCap,3,0.018232992030752786,32
2021-10-01,U.S.,3,0.018232992030752786,32
2021-10-01,Denmark,3,0.018232992030752786,32
2021-10-01,Canada,3,0.018232992030752786,32
2021-10-01,Singapore,3,0.018232992030752786,32
2021-10-01,Switzerland,3,0.018232992030752786,32
2021-11-01,Denmark,4,0.020541910048298407,32
2021-11-01,NASDAQ,4,0.020541910048298407,32
2021-11-01,US SmallCap,4,0.020541910048298407,32
2021-11-01,U.S.,4,0.020541910048298407,32
2021-11-01,Switzerland,4,0.020541910048298407,32
2021-11-01,Singapore,4,0.020541910048298407,32
2021-11-01,Canada,4,0.020541910048298407,32
2021-12-01,NASDAQ,5,0.0197792439534099,32
2021-12-01,US SmallCap,5,0.0197792439534099,32
2021-12-01,U.S.,5,0.0197792439534099,32
2021-12-01,Denmark,5,0.0197792439534099,32
2021-12-01,Sweden,5,0.0197792439534099,32
2021-12-01,Netherlands,5,0.0197792439534099,32
2021-12-01,Switzerland,5,0.0197792439534099,32
2022-01-01,NASDAQ,6,0.022557479785034047,32
2022-01-01,U.S.,6,0.022557479785034047,32
2022-01-01,US SmallCap,6,0.022557479785034047,32
2022-01-01,Denmark,6,0.022557479785034047,32
2022-01-01,Canada,6,0.022557479785034047,32
2022-01-01,Sweden,6,0.022557479785034047,32
2022-01-01,Singapore,6,0.022557479785034047,32
2022-02-01,NASDAQ,7,0.019794373531129554,32
2022-02-01,US SmallCap,7,0.019794373531129554,32
2022-02-01,U.S.,7,0.019794373531129554,32
2022-02-01,Denmark,7,0.019794373531129554,32
2022-02-01,Sweden,7,0.019794373531129554,32
2022-02-01,Switzerland,7,0.019794373531129554,32
2022-02-01,Singapore,7,0.019794373531129554,32
2022-03-01,NASDAQ,8,0.0179615560706906,32
2022-03-01,Denmark,8,0.0179615560706906,32
2022-03-01,US SmallCap,8,0.0179615560706906,32
2022-03-01,U.S.,8,0.0179615560706906,32
2022-03-01,Sweden,8,0.0179615560706906,32
2022-03-01,Germany,8,0.0179615560706906,32
2022-03-01,Netherlands,8,0.0179615560706906,32
2022-04-01,NASDAQ,9,0.018940319547816758,32
2022-04-01,U.S.,9,0.018940319547816758,32
2022-04-01,US SmallCap,9,0.018940319547816758,32
2022-04-01,Denmark,9,0.018940319547816758,32
2022-04-01,Sweden,9,0.018940319547816758,32
2022-04-01,Germany,9,0.018940319547816758,32
2022-04-01,Poland,9,0.018940319547816758,32
2022-05-01,NASDAQ,10,0.016142148986949056,32
2022-05-01,U.S.,10,0.016142148986949056,32
2022-05-01,US SmallCap,10,0.016142148986949056,32
2022-05-01,Denmark,10,0.016142148986949056,32
2022-05-01,Germany,10,0.016142148986949056,32
2022-05-01,Netherlands,10,0.016142148986949056,32
2022-05-01,Sweden,10,0.016142148986949056,32
2022-06-01,NASDAQ,11,0.01617768027810625,33
2022-06-01,U.S.,11,0.01617768027810625,33
2022-06-01,US SmallCap,11,0.01617768027810625,33
2022-06-01,Denmark,11,0.01617768027810625,33
2022-06-01,Switzerland,11,0.01617768027810625,33
2022-06-01,Germany,11,0.01617768027810625,33
2022-06-01,Singapore,11,0.01617768027810625,33
2022-07-01,NASDAQ,0,0.014512267699887945,33
2022-07-01,U.S.,0,0.014512267699887945,33
2022-07-01,Denmark,0,0.014512267699887945,33
2022-07-01,US SmallCap,0,0.014512267699887945,33
2022-07-01,Switzerland,0,0.014512267699887945,33
2022-07-01,Netherlands,0,0.014512267699887945,33
2022-07-01,Germany,0,0.014512267699887945,33
2022-08-01,NASDAQ,1,0.014948838636762789,33
2022-08-01,U.S.,1,0.014948838636762789,33
2022-08-01,US SmallCap,1,0.014948838636762789,33
2022-08-01,Denmark,1,0.014948838636762789,33
2022-08-01,Germany,1,0.014948838636762789,33
2022-08-01,Sweden,1,0.014948838636762789,33
2022-08-01,Netherlands,1,0.014948838636762789,33
2022-09-01,NASDAQ,2,0.015785200936907353,33
2022-09-01,U.S.,2,0.015785200936907353,33
2022-09-01,US SmallCap,2,0.015785200936907353,33
2022-09-01,Denmark,2,0.015785200936907353,33
2022-09-01,Germany,2,0.015785200936907353,33
2022-09-01,Sweden,2,0.015785200936907353,33
2022-09-01,U.K.,2,0.015785200936907353,33
2022-10-01,Denmark,3,0.014539621719530608,33
2022-10-01,NASDAQ,3,0.014539621719530608,33
2022-10-01,U.S.,3,0.014539621719530608,33
2022-10-01,US SmallCap,3,0.014539621719530608,33
2022-10-01,Germany,3,0.014539621719530608,33
2022-10-01,Sweden,3,0.014539621719530608,33
2022-10-01,U.K.,3,0.014539621719530608,33
2022-11-01,Denmark,4,0.016355178722932472,33
2022-11-01,U.S.,4,0.016355178722932472,33
2022-11-01,NASDAQ,4,0.016355178722932472,33
2022-11-01,US SmallCap,4,0.016355178722932472,33
2022-11-01,Germany,4,0.016355178722932472,33
2022-11-01,Sweden,4,0.016355178722932472,33
2022-11-01,Switzerland,4,0.016355178722932472,33
2022-12-01,Denmark,5,0.016476304406936086,33
2022-12-01,NASDAQ,5,0.016476304406936086,33
2022-12-01,U.S.,5,0.016476304406936086,33
2022-12-01,US SmallCap,5,0.016476304406936086,33
2022-12-01,Germany,5,0.016476304406936086,33
2022-12-01,Sweden,5,0.016476304406936086,33
2022-12-01,Netherlands,5,0.016476304406936086,33
2023-01-01,Denmark,6,0.018372622363092266,33
2023-01-01,NASDAQ,6,0.018372622363092266,33
2023-01-01,U.S.,6,0.018372622363092266,33
2023-01-01,US SmallCap,6,0.018372622363092266,33
2023-01-01,Sweden,6,0.018372622363092266,33
2023-01-01,Hong Kong,6,0.018372622363092266,33
2023-01-01,Netherlands,6,0.018372622363092266,33
2023-02-01,Denmark,7,0.018436886144353935,33
2023-02-01,NASDAQ,7,0.018436886144353935,33
2023-02-01,U.S.,7,0.018436886144353935,33
2023-02-01,US SmallCap,7,0.018436886144353935,33
2023-02-01,Sweden,7,0.018436886144353935,33
2023-02-01,Switzerland,7,0.018436886144353935,33
2023-02-01,Netherlands,7,0.018436886144353935,33
2023-03-01,Denmark,8,0.016938208570928596,33
2023-03-01,NASDAQ,8,0.016938208570928596,33
2023-03-01,U.S.,8,0.016938208570928596,33
2023-03-01,US SmallCap,8,0.016938208570928596,33
2023-03-01,Sweden,8,0.016938208570928596,33
2023-03-01,Switzerland,8,0.016938208570928596,33
2023-03-01,Vietnam,8,0.016938208570928596,33
2023-04-01,NASDAQ,9,0.017662410935455453,33
2023-04-01,Denmark,9,0.017662410935455453,33
2023-04-01,U.S.,9,0.017662410935455453,33
2023-04-01,US SmallCap,9,0.017662410935455453,33
2023-04-01,Sweden,9,0.017662410935455453,33
2023-04-01,Switzerland,9,0.017662410935455453,33
2023-04-01,Taiwan,9,0.017662410935455453,33
2023-05-01,NASDAQ,10,0.017196528076509513,33
2023-05-01,U.S.,10,0.017196528076509513,33
2023-05-01,US SmallCap,10,0.017196528076509513,33
2023-05-01,Denmark,10,0.017196528076509513,33
2023-05-01,Vietnam,10,0.017196528076509513,33
2023-05-01,Switzerland,10,0.017196528076509513,33
2023-05-01,Sweden,10,0.017196528076509513,33
2023-06-01,NASDAQ,11,0.016923866093831626,33
2023-06-01,U.S.,11,0.016923866093831626,33
2023-06-01,US SmallCap,11,0.016923866093831626,33
2023-06-01,Denmark,11,0.016923866093831626,33
2023-06-01,Vietnam,11,0.016923866093831626,33
2023-06-01,Hong Kong,11,0.016923866093831626,33
2023-06-01,Switzerland,11,0.016923866093831626,33
2023-07-01,NASDAQ,0,0.017734777456674823,33
2023-07-01,U.S.,0,0.017734777456674823,33
2023-07-01,US SmallCap,0,0.017734777456674823,33
2023-07-01,Denmark,0,0.017734777456674823,33
2023-07-01,Sweden,0,0.017734777456674823,33
2023-07-01,Vietnam,0,0.017734777456674823,33
2023-07-01,Switzerland,0,0.017734777456674823,33
2023-08-01,NASDAQ,1,0.017314614526108166,33
2023-08-01,U.S.,1,0.017314614526108166,33
2023-08-01,US SmallCap,1,0.017314614526108166,33
2023-08-01,Denmark,1,0.017314614526108166,33
2023-08-01,Switzerland,1,0.017314614526108166,33
2023-08-01,Sweden,1,0.017314614526108166,33
2023-08-01,Hong Kong,1,0.017314614526108166,33
2023-09-01,NASDAQ,2,0.018873231348975665,33
2023-09-01,US SmallCap,2,0.018873231348975665,33
2023-09-01,U.S.,2,0.018873231348975665,33
2023-09-01,Denmark,2,0.018873231348975665,33
2023-09-01,Switzerland,2,0.018873231348975665,33
2023-09-01,Sweden,2,0.018873231348975665,33
2023-09-01,Vietnam,2,0.018873231348975665,33
2023-10-01,US SmallCap,3,0.01853517767454666,33
2023-10-01,NASDAQ,3,0.01853517767454666,33
2023-10-01,U.S.,3,0.01853517767454666,33
2023-10-01,Denmark,3,0.01853517767454666,33
2023-10-01,Vietnam,3,0.01853517767454666,33
2023-10-01,Switzerland,3,0.01853517767454666,33
2023-10-01,Sweden,3,0.01853517767454666,33
2023-11-01,US SmallCap,4,0.018341716753070374,33
2023-11-01,NASDAQ,4,0.018341716753070374,33
2023-11-01,U.S.,4,0.018341716753070374,33
2023-11-01,Denmark,4,0.018341716753070374,33
2023-11-01,Vietnam,4,0.018341716753070374,33
2023-11-01,Switzerland,4,0.018341716753070374,33
2023-11-01,Japan,4,0.018341716753070374,33
2023-12-01,NASDAQ,5,0.018980930819542968,33
2023-12-01,US SmallCap,5,0.018980930819542968,33
2023-12-01,U.S.,5,0.018980930819542968,33
2023-12-01,Denmark,5,0.018980930819542968,33
2023-12-01,Vietnam,5,0.018980930819542968,33
2023-12-01,Switzerland,5,0.018980930819542968,33
2023-12-01,Taiwan,5,0.018980930819542968,33
2024-01-01,Vietnam,6,0.022271418397460545,33
2024-01-01,US SmallCap,6,0.022271418397460545,33
2024-01-01,NASDAQ,6,0.022271418397460545,33
2024-01-01,U.S.,6,0.022271418397460545,33
2024-01-01,Denmark,6,0.022271418397460545,33
2024-01-01,Switzerland,6,0.022271418397460545,33
2024-01-01,Taiwan,6,0.022271418397460545,33
2024-02-01,US SmallCap,7,0.021596029395554144,33
2024-02-01,U.S.,7,0.021596029395554144,33
2024-02-01,NASDAQ,7,0.021596029395554144,33
2024-02-01,Denmark,7,0.021596029395554144,33
2024-02-01,Vietnam,7,0.021596029395554144,33
2024-02-01,Switzerland,7,0.021596029395554144,33
2024-02-01,Sweden,7,0.021596029395554144,33
2024-03-01,US SmallCap,8,0.020667779389524417,33
2024-03-01,NASDAQ,8,0.020667779389524417,33
2024-03-01,U.S.,8,0.020667779389524417,33
2024-03-01,Denmark,8,0.020667779389524417,33
2024-03-01,Vietnam,8,0.020667779389524417,33
2024-03-01,Switzerland,8,0.020667779389524417,33
2024-03-01,Netherlands,8,0.020667779389524417,33
2024-04-01,US SmallCap,9,0.021707805692285358,33
2024-04-01,U.S.,9,0.021707805692285358,33
2024-04-01,NASDAQ,9,0.021707805692285358,33
2024-04-01,Denmark,9,0.021707805692285358,33
2024-04-01,Vietnam,9,0.021707805692285358,33
2024-04-01,Switzerland,9,0.021707805692285358,33
2024-04-01,Sweden,9,0.021707805692285358,33
2024-05-01,US SmallCap,10,0.019666484858101907,33
2024-05-01,U.S.,10,0.019666484858101907,33
2024-05-01,NASDAQ,10,0.019666484858101907,33
2024-05-01,Denmark,10,0.019666484858101907,33
2024-05-01,Vietnam,10,0.019666484858101907,33
2024-05-01,Sweden,10,0.019666484858101907,33
2024-05-01,Singapore,10,0.019666484858101907,33
2024-06-01,US SmallCap,11,0.01999788508403028,33
2024-06-01,NASDAQ,11,0.01999788508403028,33
2024-06-01,U.S.,11,0.01999788508403028,33
2024-06-01,Denmark,11,0.01999788508403028,33
2024-06-01,Vietnam,11,0.01999788508403028,33
2024-06-01,Switzerland,11,0.01999788508403028,33
2024-06-01,Hong Kong,11,0.01999788508403028,33
2024-07-01,US SmallCap,0,0.020977880650684202,33
2024-07-01,NASDAQ,0,0.020977880650684202,33
2024-07-01,U.S.,0,0.020977880650684202,33
2024-07-01,Denmark,0,0.020977880650684202,33
2024-07-01,France,0,0.020977880650684202,33
2024-07-01,Netherlands,0,0.020977880650684202,33
2024-07-01,Vietnam,0,0.020977880650684202,33
2024-08-01,US SmallCap,1,0.019673560237082163,33
2024-08-01,NASDAQ,1,0.019673560237082163,33
2024-08-01,U.S.,1,0.019673560237082163,33
2024-08-01,Denmark,1,0.019673560237082163,33
2024-08-01,Switzerland,1,0.019673560237082163,33
2024-08-01,Vietnam,1,0.019673560237082163,33
2024-08-01,Netherlands,1,0.019673560237082163,33
2024-09-01,US SmallCap,2,0.022739755289928297,33
2024-09-01,NASDAQ,2,0.022739755289928297,33
2024-09-01,U.S.,2,0.022739755289928297,33
2024-09-01,Denmark,2,0.022739755289928297,33
2024-09-01,Switzerland,2,0.022739755289928297,33
2024-09-01,Singapore,2,0.022739755289928297,33
2024-09-01,Netherlands,2,0.022739755289928297,33
2024-10-01,Denmark,3,0.02331922221313592,33
2024-10-01,US SmallCap,3,0.02331922221313592,33
2024-10-01,NASDAQ,3,0.02331922221313592,33
2024-10-01,U.S.,3,0.02331922221313592,33
2024-10-01,Switzerland,3,0.02331922221313592,33
2024-10-01,Singapore,3,0.02331922221313592,33
2024-10-01,U.K.,3,0.02331922221313592,33
2024-11-01,Denmark,4,0.02313821716447215,33
2024-11-01,US SmallCap,4,0.02313821716447215,33
2024-11-01,U.S.,4,0.02313821716447215,33
2024-11-01,NASDAQ,4,0.02313821716447215,33
2024-11-01,Singapore,4,0.02313821716447215,33
2024-11-01,Netherlands,4,0.02313821716447215,33
2024-11-01,Switzerland,4,0.02313821716447215,33
2024-12-01,US SmallCap,5,0.023083175864002825,33
2024-12-01,Denmark,5,0.023083175864002825,33
2024-12-01,U.S.,5,0.023083175864002825,33
2024-12-01,NASDAQ,5,0.023083175864002825,33
2024-12-01,Singapore,5,0.023083175864002825,33
2024-12-01,Netherlands,5,0.023083175864002825,33
2024-12-01,Germany,5,0.023083175864002825,33
2025-01-01,US SmallCap,6,0.024770625459709178,33
2025-01-01,Denmark,6,0.024770625459709178,33
2025-01-01,U.S.,6,0.024770625459709178,33
2025-01-01,NASDAQ,6,0.024770625459709178,33
2025-01-01,Netherlands,6,0.024770625459709178,33
2025-01-01,Germany,6,0.024770625459709178,33
2025-01-01,France,6,0.024770625459709178,33
2025-02-01,US SmallCap,7,0.023663930270661687,33
2025-02-01,Denmark,7,0.023663930270661687,33
2025-02-01,U.S.,7,0.023663930270661687,33
2025-02-01,NASDAQ,7,0.023663930270661687,33
2025-02-01,Canada,7,0.023663930270661687,33
2025-02-01,Germany,7,0.023663930270661687,33
2025-02-01,Netherlands,7,0.023663930270661687,33
2025-03-01,Denmark,8,0.021389845374864318,33
2025-03-01,US SmallCap,8,0.021389845374864318,33
2025-03-01,U.S.,8,0.021389845374864318,33
2025-03-01,NASDAQ,8,0.021389845374864318,33
2025-03-01,Canada,8,0.021389845374864318,33
2025-03-01,Singapore,8,0.021389845374864318,33
2025-03-01,Germany,8,0.021389845374864318,33
2025-04-01,US SmallCap,9,0.021247580078193516,33
2025-04-01,NASDAQ,9,0.021247580078193516,33
2025-04-01,U.S.,9,0.021247580078193516,33
2025-04-01,Denmark,9,0.021247580078193516,33
2025-04-01,Canada,9,0.021247580078193516,33
2025-04-01,Germany,9,0.021247580078193516,33
2025-04-01,Netherlands,9,0.021247580078193516,33
2025-05-01,US SmallCap,10,0.020868047072642237,33
2025-05-01,NASDAQ,10,0.020868047072642237,33
2025-05-01,U.S.,10,0.020868047072642237,33
2025-05-01,Denmark,10,0.020868047072642237,33
2025-05-01,Switzerland,10,0.020868047072642237,33
2025-05-01,Netherlands,10,0.020868047072642237,33
2025-05-01,Germany,10,0.020868047072642237,33
2025-06-01,US SmallCap,11,0.020977044587278493,33
2025-06-01,NASDAQ,11,0.020977044587278493,33
2025-06-01,U.S.,11,0.020977044587278493,33
2025-06-01,Denmark,11,0.020977044587278493,33
2025-06-01,Switzerland,11,0.020977044587278493,33
2025-06-01,Netherlands,11,0.020977044587278493,33
2025-06-01,Hong Kong,11,0.020977044587278493,33
2025-07-01,US SmallCap,0,0.02186024220499164,33
2025-07-01,NASDAQ,0,0.02186024220499164,33
2025-07-01,U.S.,0,0.02186024220499164,33
2025-07-01,Denmark,0,0.02186024220499164,33
2025-07-01,Switzerland,0,0.02186024220499164,33
2025-07-01,Netherlands,0,0.02186024220499164,33
2025-07-01,Singapore,0,0.02186024220499164,33
2025-08-01,US SmallCap,1,0.020501455598376062,33
2025-08-01,NASDAQ,1,0.020501455598376062,33
2025-08-01,U.S.,1,0.020501455598376062,33
2025-08-01,Denmark,1,0.020501455598376062,33
2025-08-01,Singapore,1,0.020501455598376062,33
2025-08-01,Hong Kong,1,0.020501455598376062,33
2025-08-01,Netherlands,1,0.020501455598376062,33
2025-09-01,Denmark,2,0.024584492458342575,33
2025-09-01,US SmallCap,2,0.024584492458342575,33
2025-09-01,NASDAQ,2,0.024584492458342575,33
2025-09-01,U.S.,2,0.024584492458342575,33
2025-09-01,Netherlands,2,0.024584492458342575,33
2025-09-01,Germany,2,0.024584492458342575,33
2025-09-01,Singapore,2,0.024584492458342575,33
2025-10-01,Denmark,3,0.026071619055443005,33
2025-10-01,US SmallCap,3,0.026071619055443005,33
2025-10-01,NASDAQ,3,0.026071619055443005,33
2025-10-01,U.S.,3,0.026071619055443005,33
2025-10-01,Netherlands,3,0.026071619055443005,33
2025-10-01,U.K.,3,0.026071619055443005,33
2025-10-01,Germany,3,0.026071619055443005,33
2025-11-01,Denmark,4,0.027028660417312927,33
2025-11-01,US SmallCap,4,0.027028660417312927,33
2025-11-01,NASDAQ,4,0.027028660417312927,33
2025-11-01,U.S.,4,0.027028660417312927,33
2025-11-01,U.K.,4,0.027028660417312927,33
2025-11-01,Netherlands,4,0.027028660417312927,33
2025-11-01,Switzerland,4,0.027028660417312927,33
2025-12-01,Denmark,5,0.026317636982032405,33
2025-12-01,NASDAQ,5,0.026317636982032405,33
2025-12-01,US SmallCap,5,0.026317636982032405,33
2025-12-01,U.S.,5,0.026317636982032405,33
2025-12-01,Netherlands,5,0.026317636982032405,33
2025-12-01,U.K.,5,0.026317636982032405,33
2025-12-01,Switzerland,5,0.026317636982032405,33
2026-01-01,NASDAQ,6,0.02941076765009055,33
2026-01-01,U.S.,6,0.02941076765009055,33
2026-01-01,Denmark,6,0.02941076765009055,33
2026-01-01,US SmallCap,6,0.02941076765009055,33
2026-01-01,Canada,6,0.02941076765009055,33
2026-01-01,Switzerland,6,0.02941076765009055,33
2026-01-01,U.K.,6,0.02941076765009055,33
2026-02-01,NASDAQ,7,0.028836233590685843,33
2026-02-01,Denmark,7,0.028836233590685843,33
2026-02-01,U.S.,7,0.028836233590685843,33
2026-02-01,US SmallCap,7,0.028836233590685843,33
2026-02-01,Switzerland,7,0.028836233590685843,33
2026-02-01,Canada,7,0.028836233590685843,33
2026-02-01,Netherlands,7,0.028836233590685843,33
2026-03-01,Denmark,8,0.025340027532158086,33
2026-03-01,NASDAQ,8,0.025340027532158086,33
2026-03-01,U.S.,8,0.025340027532158086,33
2026-03-01,US SmallCap,8,0.025340027532158086,33
2026-03-01,Saudi Arabia,8,0.025340027532158086,33
2026-03-01,Switzerland,8,0.025340027532158086,33
2026-03-01,Netherlands,8,0.025340027532158086,33
2026-04-01,Denmark,9,0.02521446439168812,33
2026-04-01,NASDAQ,9,0.02521446439168812,33
2026-04-01,U.S.,9,0.02521446439168812,33
2026-04-01,US SmallCap,9,0.02521446439168812,33
2026-04-01,Thailand,9,0.02521446439168812,33
2026-04-01,Switzerland,9,0.02521446439168812,33
2026-04-01,U.K.,9,0.02521446439168812,33
2026-05-01,NASDAQ,10,0.026091029318151705,33
2026-05-01,U.S.,10,0.026091029318151705,33
2026-05-01,US SmallCap,10,0.026091029318151705,33
2026-05-01,Denmark,10,0.026091029318151705,33
2026-05-01,U.K.,10,0.026091029318151705,33
2026-05-01,Netherlands,10,0.026091029318151705,33
2026-05-01,Switzerland,10,0.026091029318151705,33
2026-06-01,NASDAQ,11,0.026738937765769345,33
2026-06-01,U.S.,11,0.026738937765769345,33
2026-06-01,US SmallCap,11,0.026738937765769345,33
2026-06-01,Denmark,11,0.026738937765769345,33
2026-06-01,Netherlands,11,0.026738937765769345,33
2026-06-01,U.K.,11,0.026738937765769345,33
2026-06-01,Thailand,11,0.026738937765769345,33
2026-07-01,NASDAQ,0,0.027319427215218687,33
2026-07-01,U.S.,0,0.027319427215218687,33
2026-07-01,US SmallCap,0,0.027319427215218687,33
2026-07-01,Denmark,0,0.027319427215218687,33
2026-07-01,Netherlands,0,0.027319427215218687,33
2026-07-01,Canada,0,0.027319427215218687,33
2026-07-01,Switzerland,0,0.027319427215218687,33
