months,cumulative_return,benchmark_cumulative_return,annualized_return,benchmark_annualized_return,max_drawdown,benchmark_max_drawdown,monthly_outperformance_rate,cumulative_wealth_difference,annualized_return_difference,rolling_12m_outperformance_rate,arm,hold_months,broad_equal_weight_cagr,positive_contribution_markets,top3_share_of_positive_contributions,largest_contributor,active_pnl_excluding_largest_identity,fully_invested_cagr,fully_invested_benchmark_cagr,stage
97,0.6427849299391559,1.0001113108080268,0.0633341908783016,0.0895415938484984,-0.3112528789552196,-0.2626621289253905,0.4329896907216495,-0.3573263808688709,-0.0262074029701968,0.2790697674418604,market_only,1,0.091205111017603,9,0.8004415899279389,Korea,-0.5553013882047099,,,stage3
97,1.5844106459305791,1.0001113108080268,0.1246407004395215,0.0895415938484984,-0.2981765968468719,-0.2626621289253905,0.5979381443298969,0.5842993351225525,0.0350991065910231,0.7093023255813954,primitives,1,0.091205111017603,16,0.5386466462732892,NASDAQ,-0.0395227649340692,,,stage3
97,1.4554672284023935,1.0001113108080268,0.1175424210410691,0.0895415938484984,-0.3010902322763302,-0.2626621289253905,0.5567010309278351,0.4553559175943666,0.0280008271925706,0.6395348837209303,states,1,0.091205111017603,12,0.6018186642103387,NASDAQ,-0.1659728342292584,,,stage3
97,1.5209895028539595,1.0001113108080268,0.1211891625777885,0.0895415938484984,-0.3065227383968205,-0.2626621289253905,0.5773195876288659,0.5208781920459327,0.03164756872929,0.6511627906976745,states_interactions,1,0.091205111017603,13,0.5709428797070315,NASDAQ,-0.1271231817925151,,,stage3
97,1.3730233010567892,1.0001113108080268,0.1128307398831103,0.0895415938484984,-0.3066207826875959,-0.2626621289253905,0.5979381443298969,0.3729119902487623,0.0232891460346118,0.6395348837209303,primitives_interactions,1,0.091205111017603,14,0.558955647838489,NASDAQ,-0.2283260007857726,,,stage3
97,1.4094354399364095,1.0001113108080268,0.1149291052294674,0.0895415938484984,-0.256780648626742,-0.2626621289253905,0.6082474226804123,0.4093241291283829,0.0253875113809689,0.686046511627907,value_momentum,1,0.091205111017603,14,0.5390724527164062,Korea,0.1280765625280355,,,stage3
97,0.9185898266224052,1.0360235091315682,0.0839471291106368,0.0919429095242458,-0.2834799109302119,-0.2593519475708103,0.4329896907216495,-0.117433682509163,-0.007995780413609,0.3255813953488372,market_only,12,0.0931515773436046,12,0.6521137370461064,Taiwan,-0.2441626659552936,0.0973471016643652,0.1067482933190511,stage3
97,1.4244250754658163,1.0360235091315682,0.1157848647282426,0.0919429095242458,-0.2857459326585138,-0.2593519475708103,0.5876288659793815,0.3884015663342484,0.0238419552039967,0.6744186046511628,primitives,12,0.0931515773436046,11,0.67871580470426,NASDAQ,-0.2262236276277542,0.1344941233773218,0.1067482933190511,stage3
97,1.504069214959618,1.0360235091315682,0.1202554660364003,0.0919429095242458,-0.2957015082934615,-0.2593519475708103,0.5773195876288659,0.4680457058280498,0.0283125565121544,0.6511627906976745,states,12,0.0931515773436046,12,0.6078497151234602,NASDAQ,-0.1534035354971215,0.1396062161049109,0.1067482933190511,stage3
97,1.52442000562257,1.0360235091315682,0.1213777950034251,0.0919429095242458,-0.2898009470463411,-0.2593519475708103,0.5670103092783505,0.4883964964910019,0.0294348854791792,0.6744186046511628,states_interactions,12,0.0931515773436046,12,0.5967329793617813,NASDAQ,-0.1392677091383855,0.1410986172390678,0.1067482933190511,stage3
97,1.420231967644865,1.0360235091315682,0.1155459479923384,0.0919429095242458,-0.2860543697526281,-0.2593519475708103,0.5773195876288659,0.3842084585132967,0.0236030384680925,0.6744186046511628,primitives_interactions,12,0.0931515773436046,12,0.663747442431613,NASDAQ,-0.2311745704966744,0.1345038890906023,0.1067482933190511,stage3
97,0.7335982430634802,1.0360235091315682,0.0704358213183258,0.0919429095242458,-0.3016053235384002,-0.2593519475708103,0.4845360824742268,-0.3024252660680879,-0.02150708820592,0.3488372093023256,value_momentum,12,0.0931515773436046,11,0.6260337608525769,Spain,-0.4182317112376734,0.0830606133038456,0.1067482933190511,stage3
97,1.656422961529424,1.0001113108080268,0.1284709365230869,0.0895415938484984,-0.3338756224037925,-0.2626621289253905,0.5876288659793815,0.6563116507213973,0.0389293426745884,0.686046511627907,trees_primitives,1,0.091205111017603,20,0.3921403666621302,NASDAQ,0.2415587387987361,,,stage4
97,0.7721293082751344,1.0001113108080268,0.073350838711707,0.0895415938484984,-0.3077093585983363,-0.2626621289253905,0.4639175257731959,-0.2279820025328924,-0.0161907551367914,0.5116279069767442,trees_states,1,0.091205111017603,12,0.4832801730203544,NASDAQ,-0.4984094974818059,,,stage4
97,1.4399028530639677,1.0001113108080268,0.1166636406762451,0.0895415938484984,-0.267635396973446,-0.2626621289253905,0.5670103092783505,0.4397915422559406,0.0271220468277466,0.6744186046511628,neural_primitives,1,0.091205111017603,15,0.4255376766602516,NASDAQ,0.1023325995419843,,,stage4
97,1.1241982328635132,1.0001113108080268,0.0976850195752794,0.0895415938484984,-0.2906779708909415,-0.2626621289253905,0.4536082474226804,0.1240869220554863,0.0081434257267809,0.6395348837209303,neural_states,1,0.091205111017603,14,0.5349252066694223,US SmallCap,-0.2521442356878218,,,stage4
97,1.1622416937955151,1.0360235091315682,0.1000981948708397,0.0919429095242458,-0.2901832751375619,-0.2593519475708103,0.4742268041237113,0.1262181846639469,0.0081552853465938,0.6395348837209303,trees_primitives,12,0.0931515773436046,16,0.5775814347664512,NASDAQ,-0.2180943402085153,0.1156301095661964,0.1067482933190511,stage4
97,1.2434035054632266,1.0360235091315682,0.1051245430865934,0.0919429095242458,-0.2720791402746494,-0.2593519475708103,0.5257731958762887,0.2073799963316585,0.0131816335623475,0.6627906976744186,trees_states,12,0.0931515773436046,16,0.5619165107965508,NASDAQ,-0.1397869070102641,0.1229380744006629,0.1067482933190511,stage4
97,1.0733507433481426,1.0360235091315682,0.094399821702795,0.0919429095242458,-0.2605332095808977,-0.2593519475708103,0.5567010309278351,0.0373272342165744,0.0024569121785491,0.5348837209302325,neural_primitives,12,0.0931515773436046,14,0.6672085882683428,NASDAQ,-0.2595855042733381,0.1106526832827958,0.1067482933190511,stage4
97,1.119343314548079,1.0360235091315682,0.0973743423365276,0.0919429095242458,-0.2590761286814271,-0.2593519475708103,0.5567010309278351,0.0833198054165107,0.0054314328122817,0.6744186046511628,neural_states,12,0.0931515773436046,13,0.7873502957154449,US SmallCap,-0.3469066286953144,0.1141947691272644,0.1067482933190511,stage4
97,1.3727056413217111,1.0001113108080268,0.1128123099285036,0.0895415938484984,-0.2971001996352722,-0.2626621289253905,0.5876288659793815,0.3725943305136843,0.0232707160800051,0.627906976744186,market_masks,1,0.091205111017603,12,0.599801993310814,NASDAQ,-0.2222630908541456,,,stage5
97,1.422513915532039,1.0360235091315682,0.1156760147640987,0.0919429095242458,-0.2871268434702949,-0.2593519475708103,0.5670103092783505,0.3864904064004708,0.0237331052398528,0.6627906976744186,market_masks,12,0.0931515773436046,11,0.5945917552995126,NASDAQ,-0.2249261922580853,0.1342320529803073,0.1067482933190511,stage5
